<?xml version="1.0" encoding="utf-8"?>
<resources>
    <string-array name="all_service_child_array">
        <item>CU추천</item>
        <item>공지사항</item>
        <item>플러스행사|||external</item>
        <item>ONE바코드</item>
        <item>예약구매</item>
        <item>그룹포인트</item>
        <item>포인트기부</item>
        <item>택배예약|||external</item>
        <item>CU점포찾기</item>
        <item>쿠폰</item>
        <item>CU포인트</item>
        <item>포인트마켓</item>
        <item>포인트 쿠폰적립</item>
        <item>이벤트</item>
        <item>스탬프</item>
        <item>멤버십카드관리</item>
        <item>구매내역</item>
        <item>APP설정</item>
        <item>ONE바코드설정</item>
        <item>서비스 안내</item>
        <item>APP 소개</item>
        <item>제휴카드 안내</item>
        <item>CU 교통카드 안내</item>
        <item>약관 및 정책</item>
        <item>고객센터|||external</item>
    </string-array>
    <string-array name="all_service_default_array">
        <item>그룹포인트</item>
        <item>포인트기부</item>
        <item>포인트마켓</item>
        <item>CU점포찾기</item>
        <item>택배예약</item>
        <item>플러스행사</item>
        <item>이벤트</item>
        <item>스탬프</item>
        <item>쿠폰함</item>
        <item>공지사항</item>
        <item>CU바이셀프</item>
        <item>Q&amp;A</item>
    </string-array>
    <string-array name="all_service_group_title_list_array">
        <item>@string/all_service_title_news</item>
        <item>@string/all_service_title_using_info</item>
        <item>@string/all_service_title_benefits</item>
        <item>@string/all_service_title_mypage</item>
        <item>@string/all_service_title_service_info</item>
    </string-array>
    <string-array name="all_service_sub_title_benefits_list_array">
        <item>쿠폰</item>
        <item>CU포인트</item>
        <item>포인트마켓</item>
        <item>포인트 쿠폰적립</item>
        <item>이벤트</item>
        <item>스탬프</item>
    </string-array>
    <string-array name="all_service_sub_title_mypage_list_array">
        <item>멤버십카드관리</item>
        <item>구매내역</item>
        <item>APP설정</item>
        <item>ONE바코드설정</item>
    </string-array>
    <string-array name="all_service_sub_title_news_list_array">
        <item>CU추천</item>
        <item>공지사항</item>
        <item>플러스행사|||external</item>
    </string-array>
    <string-array name="all_service_sub_title_service_info_list_array">
        <item>서비스 안내</item>
        <item>APP 소개</item>
        <item>제휴카드 안내</item>
        <item>CU 교통카드 안내</item>
        <item>약관 및 정책</item>
        <item>고객센터|||external</item>
    </string-array>
    <string-array name="all_service_sub_title_using_list_array">
        <item>ONE바코드</item>
        <item>예약구매</item>
        <item>그룹포인트</item>
        <item>포인트기부</item>
        <item>택배예약|||external</item>
        <item>CU점포찾기</item>
    </string-array>
    <string-array name="ar_cu_money_notice" formatted="false">
        <item>점포에서 현금 결제 후 생긴 잔돈을 APP에 충전하세요. (10원 ~ 5만원)</item>
        <item>보유한 잔돈잔액으로 온ㆍ오프라인 결제시 사용이 가능합니다.</item>
        <item>잔돈잔액으로 결제한 금액은 CU멤버십 포인트 적립이 가능합니다.</item>
        <item>원바코드 설정의 소득공제 페이지에 등록하신 휴대폰번호로 현금영수증이 자동 발행됩니다.</item>
        <item>APP 에서 충전한 잔돈잔액의 경우, 이용내역 메뉴에서 30일 이내/잔액이 있을경우 충전취소가 가능합니다.</item>
        <item>점포에서 충전한 잔돈잔액의 경우, 영수증 환불을 통해 30일 이내/잔액이 있을경우 충전취소가 가능합니다.</item>
        <item>"선불카드 잔액은 마지막 충전시점을 기준(환불 요청시점 X)으로 해당 잔액의 60%이상 사용 후 남은 잔액에 한하여 고객님의 계좌로 이체 신청이 가능합니다.
(마지막 충전 후 잔액이 1만원 이하였을 경우 80% 사용 후 신청가능)"</item>
        <item>잔액환불 입금일은 신청일자의 익영업일로부터 5일(영업일 기준) 소요됩니다.</item>
    </string-array>
    <string-array name="ar_income_deduction_notice">
        <item>소득공제 영수증 발급은 휴대폰 번호를 설정한 이후부터 적용됩니다.</item>
        <item>"현금영수증 발행 확인은 구매시 발행된  영수증을 통해 확인하실 수 있습니다."</item>
    </string-array>
    <string-array name="ar_onebarcode_notice">
        <item>"CU 멤버십 적립과 SKT멤버쉽 할인은 중복 적용 불가
(단, 원바코드 이용시 중복적용 가능)"</item>
        <item>특수점포는 포인트, 쿠폰 적립 및 할인 서비스 적용이 불가</item>
        <item>일부 상품(담배 등)은 포인트, 쿠폰 적립 및 할인 서비스 적용 불가</item>
        <item>SKT 멤버십 할인은 1일 1회만 적용 가능(VIP/골드 1,000원당 100원, 실버/일반 1,000원당 50원 적용)</item>
    </string-array>
    <string-array name="ar_use_date_filter">
        <item>1주일</item>
        <item>1개월</item>
        <item>3개월</item>
    </string-array>
    <string-array name="ar_use_date_filter_api">
        <item>W1</item>
        <item>M1</item>
        <item>M3</item>
    </string-array>
    <string-array name="ar_use_history_filter">
        <item>내역전체</item>
        <item>사용내역</item>
        <item>취소내역</item>
        <item>충전내역</item>
    </string-array>
    <string-array name="ar_use_history_filter_api">
        <item>ALL</item>
        <item>BUY</item>
        <item>CAN</item>
        <item>CHA</item>
    </string-array>
    <string-array name="com_kakao_accounts_array">
        <item>@string/com_kakao_kakaotalk_account</item>
        <item>@string/com_kakao_other_kakaoaccount</item>
        <item>@string/com_kakao_account_cancel</item>
    </string-array>
    <string-array name="email_domain_list_array">
        <item>@string/direct</item>
        <item>@string/naver</item>
        <item>@string/nate</item>
        <item>@string/yahoo</item>
        <item>@string/hotmail</item>
        <item>@string/gmail</item>
        <item>@string/korea</item>
        <item>@string/hanmail</item>
    </string-array>
    <string-array name="list_alert_feed_type_array">
        <item>@string/list_alert_feed_type_all</item>
        <item>@string/list_alert_feed_type_reserve</item>
        <item>@string/list_alert_feed_type_plus</item>
        <item>@string/list_alert_feed_type_onebarcode</item>
        <item>@string/list_alert_feed_type_group</item>
        <item>@string/list_alert_feed_type_event</item>
        <item>@string/list_alert_feed_type_notice</item>
        <item>@string/list_alert_feed_type_notice_crm</item>
    </string-array>
    <string-array name="onebarcode_card_manage_title_list_array">
        <item>@string/onebarcode_card_manage_title_cu_member</item>
        <item>@string/onebarcode_card_manage_title_card_balance</item>
        <item>@string/onebarcode_card_manage_title_skt_member</item>
    </string-array>
    <string-array name="onebarcode_deduction_manage_title_list_array">
        <item>@string/onebarcode_deduction_manage_title_deduction</item>
    </string-array>
    <string-array name="onebarcode_payment_manage_title_list_array">
        <item>@string/onebarcode_payment_manage_title_payco</item>
        <item>@string/onebarcode_payment_manage_title_credit</item>
        <item>@string/onebarcode_payment_manage_title_ispmobile</item>
    </string-array>
    <string-array name="recharge_common_notice" formatted="false">
        <item>온라인 계좌이체 충전 시 1 회 5,000원부터 5만원까지 충전 가능하며, 충전 후 총액이 50만원을 초과할 수 없습니다.</item>
        <item>결제수단은 계좌이체만 이용가능합니다.</item>
        <item>"선불카드 잔액은 마지막 충전시점을 기준(환불 요청시점 X)으로 해당 잔액의 60%이상 사용 후 남은 잔액에 한하여 고객님의 계좌로 이체 신청이 가능합니다.
(마지막 충전 후 잔액이 1만원 이하였을 경우 80% 사용 후 신청가능)"</item>
        <item>잔액환불 입금일은 신청일자의 익영업일로부터 5일(영업일 기준) 소요됩니다.</item>
    </string-array>
    <string-array name="recharge_request_contact">
        <item>나이스정보통신 : 1644-9760</item>
        <item>나이스페이먼츠 : 02-2186-4866</item>
        <item>상담시간 : 평일 09:00 ~ 18:00</item>
    </string-array>
    <string-array name="recharge_standards_policy">
        <item>"카드의 잔액이 설정하신 기준 금액보다 낮아지면
설정하신 충전 금액이 바로 충전됩니다."</item>
        <item>결제수단은 신용카드만 이용가능합니다.</item>
        <item>"최초 자동충전 설정 시 신용카드 정보를 등록하여
자동충전 결제수단으로 사용합니다."</item>
    </string-array>
    <string-array name="setting_alert_msg_list_array">
        <item>@string/app_alert_msg_00</item>
        <item>@string/app_alert_msg_01</item>
        <item>@string/app_alert_msg_02</item>
    </string-array>
    <string-array name="setting_alert_title_list_array">
        <item>@string/app_alert_title_00</item>
        <item>@string/app_alert_title_01</item>
        <item>@string/app_alert_title_02</item>
    </string-array>
    <string-array name="setting_info_title_list_array">
        <item>@string/app_info_title_service</item>
        <item>@string/app_info_title_app</item>
        <item>@string/app_info_title_contact</item>
        <item>@string/app_info_title_traffic_card</item>
        <item>@string/app_info_title_terms</item>
        <item>@string/app_info_title_customer_center</item>
    </string-array>
    <string-array name="setting_permission_msg_list_array">
        <item>@string/app_permission_msg_bluetooth</item>
        <item>@string/app_permission_msg_contact</item>
        <item>@string/app_permission_msg_location</item>
    </string-array>
    <string-array name="setting_permission_title_list_array">
        <item>@string/app_permission_title_bluetooth</item>
        <item>@string/app_permission_title_contact</item>
        <item>@string/app_permission_title_location</item>
    </string-array>
</resources>
