<?xml version="1.0" encoding="utf-8"?>
<resources>
    <color name="abc_decor_view_status_guard">#ff000000</color>
    <color name="abc_decor_view_status_guard_light">#ffffffff</color>
    <color name="abc_search_url_text_normal">#ff7fa87f</color>
    <color name="abc_search_url_text_pressed">@android:color/black</color>
    <color name="abc_search_url_text_selected">@android:color/black</color>
    <color name="accent_material_dark">@color/material_deep_teal_200</color>
    <color name="accent_material_light">@color/material_deep_teal_500</color>
    <color name="androidx_core_ripple_material_light">#1f000000</color>
    <color name="androidx_core_secondary_text_default_material_light">#8a000000</color>
    <color name="background_floating_material_dark">@color/material_grey_800</color>
    <color name="background_floating_material_light">@android:color/white</color>
    <color name="background_material_dark">@color/material_grey_850</color>
    <color name="background_material_light">@color/material_grey_50</color>
    <color name="bg_login_button">#fffae100</color>
    <color name="bg_login_button_highlighted">#ffa59000</color>
    <color name="bright_foreground_disabled_material_dark">#80ffffff</color>
    <color name="bright_foreground_disabled_material_light">#80000000</color>
    <color name="bright_foreground_inverse_material_dark">@color/bright_foreground_material_light</color>
    <color name="bright_foreground_inverse_material_light">@color/bright_foreground_material_dark</color>
    <color name="bright_foreground_material_dark">@android:color/white</color>
    <color name="bright_foreground_material_light">@android:color/black</color>
    <color name="browser_actions_bg_grey">#fff5f5f5</color>
    <color name="browser_actions_divider_color">#1e000000</color>
    <color name="browser_actions_text_color">#de000000</color>
    <color name="browser_actions_title_color">#ff646464</color>
    <color name="button_material_dark">#ff5a595b</color>
    <color name="button_material_light">#ffd6d7d7</color>
    <color name="cardview_dark_background">#ff424242</color>
    <color name="cardview_light_background">#ffffffff</color>
    <color name="cardview_shadow_end_color">#03000000</color>
    <color name="cardview_shadow_start_color">#37000000</color>
    <color name="colorAccent">#ff652c8d</color>
    <color name="colorPrimary">#ff3f51b5</color>
    <color name="colorPrimaryDark">#ff751485</color>
    <color name="colorSdkNotificationIcon">#ff5f737e</color>
    <color name="color_grey_transparent">#80000000</color>
    <color name="color_loading_transparent">#00000000</color>
    <color name="color_menu_black_transparent">#b3000000</color>
    <color name="color_popup_60black_transparent">#99000000</color>
    <color name="color_popup_90black_transparent">#e6000000</color>
    <color name="color_scan_black_transparent">#4d000000</color>
    <color name="color_transparent">#00000000</color>
    <color name="com_facebook_blue">#ff1877f2</color>
    <color name="com_facebook_button_background_color">@color/com_facebook_blue</color>
    <color name="com_facebook_button_background_color_disabled">#ffebedf0</color>
    <color name="com_facebook_button_background_color_pressed">#ff186bda</color>
    <color name="com_facebook_device_auth_text">#ff90949c</color>
    <color name="com_facebook_likeboxcountview_border_color">#ff6a7180</color>
    <color name="com_facebook_likeboxcountview_text_color">#ff6a7180</color>
    <color name="com_facebook_likeview_text_color">#ff6a7180</color>
    <color name="com_facebook_primary_button_disabled_text_color">#ffbcc3c9</color>
    <color name="com_facebook_primary_button_pressed_text_color">#ffdadde2</color>
    <color name="com_facebook_primary_button_text_color">#ffffffff</color>
    <color name="com_kakao_account_button_background">#ffffffff</color>
    <color name="com_kakao_brown">#ff472a2b</color>
    <color name="com_kakao_button_background_press">#ffffeb00</color>
    <color name="com_kakao_button_text_press">#ff000000</color>
    <color name="com_kakao_cancel_button_background">#ffe5e5e5</color>
    <color name="com_smart_login_code">#ff3c6499</color>
    <color name="common_google_signin_btn_text_dark_default">@android:color/white</color>
    <color name="common_google_signin_btn_text_dark_disabled">#1f000000</color>
    <color name="common_google_signin_btn_text_dark_focused">@android:color/black</color>
    <color name="common_google_signin_btn_text_dark_pressed">@android:color/white</color>
    <color name="common_google_signin_btn_text_light_default">#90000000</color>
    <color name="common_google_signin_btn_text_light_disabled">#1f000000</color>
    <color name="common_google_signin_btn_text_light_focused">#90000000</color>
    <color name="common_google_signin_btn_text_light_pressed">#de000000</color>
    <color name="cu_ExpandListTitle">#fff2f7e4</color>
    <color name="cu_Select_Box_line_color">@color/cu_green</color>
    <color name="cu_able_btn_background">#ffaace37</color>
    <color name="cu_able_btn_text">#ffffffff</color>
    <color name="cu_able_text_color">#ffffffff</color>
    <color name="cu_black">#ff000000</color>
    <color name="cu_category_select_color">#ff1c1c1c</color>
    <color name="cu_category_unselect_color">#ffcccccc</color>
    <color name="cu_charger_tx_color">#ff808080</color>
    <color name="cu_color_652c8d">#ff652c8d</color>
    <color name="cu_color_cccccc">#ffcccccc</color>
    <color name="cu_color_e8e8e8">#ffe8e8e8</color>
    <color name="cu_color_f2f2f2">#fff2f2f2</color>
    <color name="cu_color_f7f7f7">#fff7f7f7</color>
    <color name="cu_color_fefefe">#fffefefe</color>
    <color name="cu_customer_call_color">#19000000</color>
    <color name="cu_default_background">#fff5f5f5</color>
    <color name="cu_e1e9eb">#ffe1e9eb</color>
    <color name="cu_green">#ffaace37</color>
    <color name="cu_green_02">#ffbce82e</color>
    <color name="cu_grey_b2b2b2">#ffb2b2b2</color>
    <color name="cu_grey_color">#ffe5e5e5</color>
    <color name="cu_grey_line_color">#ff888888</color>
    <color name="cu_purple">#ff652c8d</color>
    <color name="cu_unSelect_Box_line_color">#ffe6e6e6</color>
    <color name="cu_unable_btn_background">#ffb3b3b3</color>
    <color name="cu_unable_btn_text">#99ffffff</color>
    <color name="cu_unable_text_color">#ff999999</color>
    <color name="cu_white">#ffffffff</color>
    <color name="custom_dialog_color">#ff696969</color>
    <color name="design_bottom_navigation_shadow_color">#14000000</color>
    <color name="design_default_color_primary">#ff3f51b5</color>
    <color name="design_default_color_primary_dark">#ff303f9f</color>
    <color name="design_fab_shadow_end_color">@android:color/transparent</color>
    <color name="design_fab_shadow_mid_color">#14000000</color>
    <color name="design_fab_shadow_start_color">#44000000</color>
    <color name="design_fab_stroke_end_inner_color">#0a000000</color>
    <color name="design_fab_stroke_end_outer_color">#0f000000</color>
    <color name="design_fab_stroke_top_inner_color">#1affffff</color>
    <color name="design_fab_stroke_top_outer_color">#2effffff</color>
    <color name="design_snackbar_background_color">#ff323232</color>
    <color name="dim_foreground_disabled_material_dark">#80bebebe</color>
    <color name="dim_foreground_disabled_material_light">#80323232</color>
    <color name="dim_foreground_material_dark">#ffbebebe</color>
    <color name="dim_foreground_material_light">#ff323232</color>
    <color name="error_color_material_dark">#ffff7043</color>
    <color name="error_color_material_light">#ffff5722</color>
    <color name="foreground_material_dark">@android:color/white</color>
    <color name="foreground_material_light">@android:color/black</color>
    <color name="highlighted_text_material_dark">#6680cbc4</color>
    <color name="highlighted_text_material_light">#66009688</color>
    <color name="hint_color">#42000000</color>
    <color name="material_blue_grey_800">#ff37474f</color>
    <color name="material_blue_grey_900">#ff263238</color>
    <color name="material_blue_grey_950">#ff21272b</color>
    <color name="material_deep_teal_200">#ff80cbc4</color>
    <color name="material_deep_teal_500">#ff008577</color>
    <color name="material_grey_100">#fff5f5f5</color>
    <color name="material_grey_300">#ffe0e0e0</color>
    <color name="material_grey_50">#fffafafa</color>
    <color name="material_grey_600">#ff757575</color>
    <color name="material_grey_800">#ff424242</color>
    <color name="material_grey_850">#ff303030</color>
    <color name="material_grey_900">#ff212121</color>
    <color name="mtrl_btn_bg_color_disabled">#1f000000</color>
    <color name="mtrl_btn_text_color_disabled">#61000000</color>
    <color name="mtrl_btn_transparent_bg_color">#00ffffff</color>
    <color name="mtrl_scrim_color">#52000000</color>
    <color name="mtrl_textinput_default_box_stroke_color">#6b000000</color>
    <color name="mtrl_textinput_disabled_color">#1f000000</color>
    <color name="mtrl_textinput_filled_box_default_background_color">#0a000000</color>
    <color name="mtrl_textinput_hovered_box_stroke_color">#de000000</color>
    <color name="notification_action_color_filter">#ffffffff</color>
    <color name="notification_icon_bg_color">#ff9e9e9e</color>
    <color name="notification_material_background_media_default_color">#ff424242</color>
    <color name="primary_dark_material_dark">@android:color/black</color>
    <color name="primary_dark_material_light">@color/material_grey_600</color>
    <color name="primary_material_dark">@color/material_grey_900</color>
    <color name="primary_material_light">@color/material_grey_100</color>
    <color name="primary_text_default_material_dark">#ffffffff</color>
    <color name="primary_text_default_material_light">#de000000</color>
    <color name="primary_text_disabled_material_dark">#4dffffff</color>
    <color name="primary_text_disabled_material_light">#39000000</color>
    <color name="ripple_material_dark">#33ffffff</color>
    <color name="ripple_material_light">#1f000000</color>
    <color name="secondary_text_default_material_dark">#b3ffffff</color>
    <color name="secondary_text_default_material_light">#8a000000</color>
    <color name="secondary_text_disabled_material_dark">#36ffffff</color>
    <color name="secondary_text_disabled_material_light">#24000000</color>
    <color name="success_color">#ff009688</color>
    <color name="switch_thumb_disabled_material_dark">#ff616161</color>
    <color name="switch_thumb_disabled_material_light">#ffbdbdbd</color>
    <color name="switch_thumb_normal_material_dark">#ffbdbdbd</color>
    <color name="switch_thumb_normal_material_light">#fff1f1f1</color>
    <color name="tooltip_background_dark">#e6616161</color>
    <color name="tooltip_background_light">#e6ffffff</color>
    <color name="warning_color">#fff4511e</color>
    <color name="zxing_custom_possible_result_points">#903a89cf</color>
    <color name="zxing_custom_result_view">#b0000000</color>
    <color name="zxing_custom_viewfinder_laser">#ff1976d2</color>
    <color name="zxing_custom_viewfinder_mask">#60000000</color>
    <color name="zxing_possible_result_points">#c0ffbd21</color>
    <color name="zxing_result_view">#b0000000</color>
    <color name="zxing_status_text">#ffffffff</color>
    <color name="zxing_transparent">#00000000</color>
    <color name="zxing_viewfinder_laser">#ffcc0000</color>
    <color name="zxing_viewfinder_mask">#60000000</color>
</resources>
