<?xml version="1.0" encoding="utf-8"?>
<resources>
    <item type="id" name="SlidingDrawer" />
    <item type="id" name="a_Tag_tx" />
    <item type="id" name="accessibility_action_clickable_span" />
    <item type="id" name="accessibility_custom_action_0" />
    <item type="id" name="accessibility_custom_action_1" />
    <item type="id" name="accessibility_custom_action_10" />
    <item type="id" name="accessibility_custom_action_11" />
    <item type="id" name="accessibility_custom_action_12" />
    <item type="id" name="accessibility_custom_action_13" />
    <item type="id" name="accessibility_custom_action_14" />
    <item type="id" name="accessibility_custom_action_15" />
    <item type="id" name="accessibility_custom_action_16" />
    <item type="id" name="accessibility_custom_action_17" />
    <item type="id" name="accessibility_custom_action_18" />
    <item type="id" name="accessibility_custom_action_19" />
    <item type="id" name="accessibility_custom_action_2" />
    <item type="id" name="accessibility_custom_action_20" />
    <item type="id" name="accessibility_custom_action_21" />
    <item type="id" name="accessibility_custom_action_22" />
    <item type="id" name="accessibility_custom_action_23" />
    <item type="id" name="accessibility_custom_action_24" />
    <item type="id" name="accessibility_custom_action_25" />
    <item type="id" name="accessibility_custom_action_26" />
    <item type="id" name="accessibility_custom_action_27" />
    <item type="id" name="accessibility_custom_action_28" />
    <item type="id" name="accessibility_custom_action_29" />
    <item type="id" name="accessibility_custom_action_3" />
    <item type="id" name="accessibility_custom_action_30" />
    <item type="id" name="accessibility_custom_action_31" />
    <item type="id" name="accessibility_custom_action_4" />
    <item type="id" name="accessibility_custom_action_5" />
    <item type="id" name="accessibility_custom_action_6" />
    <item type="id" name="accessibility_custom_action_7" />
    <item type="id" name="accessibility_custom_action_8" />
    <item type="id" name="accessibility_custom_action_9" />
    <item type="id" name="action0" />
    <item type="id" name="action_bar" />
    <item type="id" name="action_bar_activity_content" />
    <item type="id" name="action_bar_container" />
    <item type="id" name="action_bar_root" />
    <item type="id" name="action_bar_spinner" />
    <item type="id" name="action_bar_subtitle" />
    <item type="id" name="action_bar_title" />
    <item type="id" name="action_container" />
    <item type="id" name="action_context_bar" />
    <item type="id" name="action_divider" />
    <item type="id" name="action_image" />
    <item type="id" name="action_menu_divider" />
    <item type="id" name="action_menu_presenter" />
    <item type="id" name="action_mode_bar" />
    <item type="id" name="action_mode_bar_stub" />
    <item type="id" name="action_mode_close_button" />
    <item type="id" name="action_settings" />
    <item type="id" name="action_text" />
    <item type="id" name="actions" />
    <item type="id" name="activity_chooser_view_content" />
    <item type="id" name="alertTitle" />
    <item type="id" name="app_download_banner" />
    <item type="id" name="area_qr_frame" />
    <item type="id" name="auto_charge_right_tab_view" />
    <item type="id" name="barcode_scanner" />
    <item type="id" name="bg_floating" />
    <item type="id" name="bg_moving" />
    <item type="id" name="bottom_margin_view" />
    <item type="id" name="browser_actions_header_text" />
    <item type="id" name="browser_actions_menu_item_icon" />
    <item type="id" name="browser_actions_menu_item_text" />
    <item type="id" name="browser_actions_menu_items" />
    <item type="id" name="browser_actions_menu_view" />
    <item type="id" name="btnNetfunnelStop" />
    <item type="id" name="btn_agree_select" />
    <item type="id" name="btn_all_cu_news" />
    <item type="id" name="btn_all_cu_reserve" />
    <item type="id" name="btn_all_menu_close" />
    <item type="id" name="btn_all_menu_onebarcode" />
    <item type="id" name="btn_all_menu_setting" />
    <item type="id" name="btn_all_my_cu" />
    <item type="id" name="btn_all_my_home" />
    <item type="id" name="btn_back" />
    <item type="id" name="btn_balance_charge" />
    <item type="id" name="btn_barcode_close" />
    <item type="id" name="btn_call_Api" />
    <item type="id" name="btn_cancel" />
    <item type="id" name="btn_cancel_pad" />
    <item type="id" name="btn_change_phone_number" />
    <item type="id" name="btn_close" />
    <item type="id" name="btn_confirm" />
    <item type="id" name="btn_coupon" />
    <item type="id" name="btn_create_key" />
    <item type="id" name="btn_credit_card" />
    <item type="id" name="btn_cu_card_register" />
    <item type="id" name="btn_db_create" />
    <item type="id" name="btn_decrypt" />
    <item type="id" name="btn_delete_cardnum" />
    <item type="id" name="btn_delete_phone_number" />
    <item type="id" name="btn_detail" />
    <item type="id" name="btn_encrypt" />
    <item type="id" name="btn_feed_search" />
    <item type="id" name="btn_file_download" />
    <item type="id" name="btn_find_mylocation" />
    <item type="id" name="btn_getcookie" />
    <item type="id" name="btn_input_data" />
    <item type="id" name="btn_ispmobile_app" />
    <item type="id" name="btn_left_anim" />
    <item type="id" name="btn_loadData" />
    <item type="id" name="btn_load_key" />
    <item type="id" name="btn_location_agree_select" />
    <item type="id" name="btn_location_confirm" />
    <item type="id" name="btn_logout" />
    <item type="id" name="btn_menu" />
    <item type="id" name="btn_menu_alert" />
    <item type="id" name="btn_move_address" />
    <item type="id" name="btn_move_secondintro" />
    <item type="id" name="btn_move_setting" />
    <item type="id" name="btn_move_test" />
    <item type="id" name="btn_move_webview" />
    <item type="id" name="btn_move_youtube" />
    <item type="id" name="btn_my_cu" />
    <item type="id" name="btn_new_home" />
    <item type="id" name="btn_num_0_pad" />
    <item type="id" name="btn_num_1_pad" />
    <item type="id" name="btn_num_2_pad" />
    <item type="id" name="btn_num_3_pad" />
    <item type="id" name="btn_num_4_pad" />
    <item type="id" name="btn_num_5_pad" />
    <item type="id" name="btn_num_6_pad" />
    <item type="id" name="btn_num_7_pad" />
    <item type="id" name="btn_num_8_pad" />
    <item type="id" name="btn_num_9_pad" />
    <item type="id" name="btn_okay" />
    <item type="id" name="btn_one_barcode" />
    <item type="id" name="btn_onebarcode" />
    <item type="id" name="btn_option" />
    <item type="id" name="btn_payco_app" />
    <item type="id" name="btn_payment_close" />
    <item type="id" name="btn_payment_setting" />
    <item type="id" name="btn_purchase_history" />
    <item type="id" name="btn_recharge" />
    <item type="id" name="btn_refresh" />
    <item type="id" name="btn_remove_cache" />
    <item type="id" name="btn_retry_network_connect" />
    <item type="id" name="btn_save_phone_number" />
    <item type="id" name="btn_scan_barcode" />
    <item type="id" name="btn_send_sms" />
    <item type="id" name="btn_setcookie" />
    <item type="id" name="btn_show_dialog" />
    <item type="id" name="btn_show_list_dialog" />
    <item type="id" name="btn_show_lockscreen" />
    <item type="id" name="btn_skt_register" />
    <item type="id" name="btn_slideButton" />
    <item type="id" name="btn_stop_mylocation" />
    <item type="id" name="btn_t_member_card_register" />
    <item type="id" name="btn_update" />
    <item type="id" name="buttonPanel" />
    <item type="id" name="callout_overlay" />
    <item type="id" name="callout_rightArrow" />
    <item type="id" name="callout_text" />
    <item type="id" name="callout_upper" />
    <item type="id" name="cancel_action" />
    <item type="id" name="cancel_button" />
    <item type="id" name="cardLeftManageTx" />
    <item type="id" name="cardRightManageTx" />
    <item type="id" name="card_manage_left_click" />
    <item type="id" name="card_manage_left_tab_view" />
    <item type="id" name="card_manage_right_click" />
    <item type="id" name="card_manage_right_tab_view" />
    <item type="id" name="cash_info" />
    <item type="id" name="category_date_tx" />
    <item type="id" name="charge_balance_tx" />
    <item type="id" name="charge_bt_check" />
    <item type="id" name="checkbox" />
    <item type="id" name="checked" />
    <item type="id" name="childPosition" />
    <item type="id" name="chronometer" />
    <item type="id" name="com_facebook_body_frame" />
    <item type="id" name="com_facebook_button_xout" />
    <item type="id" name="com_facebook_device_auth_instructions" />
    <item type="id" name="com_facebook_fragment_container" />
    <item type="id" name="com_facebook_login_fragment_progress_bar" />
    <item type="id" name="com_facebook_smart_instructions_0" />
    <item type="id" name="com_facebook_smart_instructions_or" />
    <item type="id" name="com_facebook_tooltip_bubble_view_bottom_pointer" />
    <item type="id" name="com_facebook_tooltip_bubble_view_text_body" />
    <item type="id" name="com_facebook_tooltip_bubble_view_top_pointer" />
    <item type="id" name="com_kakao_login" />
    <item type="id" name="common_charge_include_view_root" />
    <item type="id" name="confirmation_code" />
    <item type="id" name="container" />
    <item type="id" name="content" />
    <item type="id" name="contentLayout" />
    <item type="id" name="contentPanel" />
    <item type="id" name="coordinator" />
    <item type="id" name="coupon_use_layout" />
    <item type="id" name="credit_confirm_bt" />
    <item type="id" name="cu_money_guide_view" />
    <item type="id" name="cu_money_layout" />
    <item type="id" name="cu_point_guide_view" />
    <item type="id" name="cu_point_layout" />
    <item type="id" name="current_charge_state" />
    <item type="id" name="current_prepaid_cost" />
    <item type="id" name="current_use_state_tx" />
    <item type="id" name="current_version_state_txt" />
    <item type="id" name="custom" />
    <item type="id" name="customPanel" />
    <item type="id" name="decor_content_parent" />
    <item type="id" name="default_activity_button" />
    <item type="id" name="design_bottom_sheet" />
    <item type="id" name="design_menu_item_action_area" />
    <item type="id" name="design_menu_item_action_area_stub" />
    <item type="id" name="design_menu_item_text" />
    <item type="id" name="design_navigation_view" />
    <item type="id" name="details_container" />
    <item type="id" name="dialog_button" />
    <item type="id" name="dialog_button_left" />
    <item type="id" name="dialog_button_right" />
    <item type="id" name="dialog_imageView" />
    <item type="id" name="dialog_linearlayout_dialogContainer" />
    <item type="id" name="dialog_linearlayout_dialogSubContainer" />
    <item type="id" name="dialog_progressBar" />
    <item type="id" name="dialog_relativelayout_mediaContainer" />
    <item type="id" name="dialog_relativelayout_viewContainer" />
    <item type="id" name="dialog_textview_content" />
    <item type="id" name="dialog_textview_title" />
    <item type="id" name="dialog_webView" />
    <item type="id" name="div_shake" />
    <item type="id" name="divide_line" />
    <item type="id" name="divide_line_00" />
    <item type="id" name="drawer_mainmanu" />
    <item type="id" name="dualView" />
    <item type="id" name="edit_query" />
    <item type="id" name="edittext_add_input_card_number_01" />
    <item type="id" name="edittext_add_input_card_number_02" />
    <item type="id" name="edittext_add_input_card_number_03" />
    <item type="id" name="edittext_add_input_card_number_04" />
    <item type="id" name="end_padder" />
    <item type="id" name="ep_listview_allService" />
    <item type="id" name="et_input_password" />
    <item type="id" name="et_pin_number" />
    <item type="id" name="expand_activities_button" />
    <item type="id" name="expanded_menu" />
    <item type="id" name="fl_all_menu_root" />
    <item type="id" name="fl_barcode" />
    <item type="id" name="fl_main_contents" />
    <item type="id" name="fr_frame_recharge" />
    <item type="id" name="fragment_mainContainer" />
    <item type="id" name="ghost_view" />
    <item type="id" name="glide_custom_view_target_tag" />
    <item type="id" name="groupPosition" />
    <item type="id" name="group_divider" />
    <item type="id" name="home" />
    <item type="id" name="hs_intro_root" />
    <item type="id" name="icon" />
    <item type="id" name="icon_group" />
    <item type="id" name="image" />
    <item type="id" name="imageview_barcode_animation1" />
    <item type="id" name="imageview_barcode_animation2" />
    <item type="id" name="inflate_empty_id" />
    <item type="id" name="info" />
    <item type="id" name="info_txt_bottom" />
    <item type="id" name="info_txt_message" />
    <item type="id" name="info_txt_middle" />
    <item type="id" name="info_txt_sub" />
    <item type="id" name="info_txt_top" />
    <item type="id" name="item_touch_helper_previous_elevation" />
    <item type="id" name="iv_Box_01" />
    <item type="id" name="iv_Box_02" />
    <item type="id" name="iv_all_menu_icon_image_00" />
    <item type="id" name="iv_all_menu_icon_image_01" />
    <item type="id" name="iv_all_menu_icon_image_02" />
    <item type="id" name="iv_all_service_toggle_icon" />
    <item type="id" name="iv_back_button" />
    <item type="id" name="iv_background" />
    <item type="id" name="iv_background_view" />
    <item type="id" name="iv_bullet" />
    <item type="id" name="iv_card_background" />
    <item type="id" name="iv_card_registered" />
    <item type="id" name="iv_clause_btn" />
    <item type="id" name="iv_cu_logo" />
    <item type="id" name="iv_cu_money_circle" />
    <item type="id" name="iv_cu_money_opacity" />
    <item type="id" name="iv_cu_point_circle" />
    <item type="id" name="iv_cu_point_opacity" />
    <item type="id" name="iv_event_img" />
    <item type="id" name="iv_external_web_link_00" />
    <item type="id" name="iv_external_web_link_01" />
    <item type="id" name="iv_feed_type_icon" />
    <item type="id" name="iv_haroo_nothing" />
    <item type="id" name="iv_icon_dep" />
    <item type="id" name="iv_icon_lock" />
    <item type="id" name="iv_info" />
    <item type="id" name="iv_intro_image" />
    <item type="id" name="iv_new" />
    <item type="id" name="iv_next_button" />
    <item type="id" name="iv_otc_card_open" />
    <item type="id" name="iv_otc_card_open_txt" />
    <item type="id" name="iv_pattern_01" />
    <item type="id" name="iv_pattern_02" />
    <item type="id" name="iv_pattern_03" />
    <item type="id" name="iv_pattern_04" />
    <item type="id" name="iv_paycard_view" />
    <item type="id" name="iv_payment_save_btn" />
    <item type="id" name="iv_point_image" />
    <item type="id" name="iv_prev_button" />
    <item type="id" name="iv_recharge_btn" />
    <item type="id" name="iv_statement_btn" />
    <item type="id" name="iv_top_button" />
    <item type="id" name="iv_tutorial_image" />
    <item type="id" name="iv_user_grade" />
    <item type="id" name="iv_withdraw_btn" />
    <item type="id" name="largeLabel" />
    <item type="id" name="layout_card_manage_container" />
    <item type="id" name="layout_card_reg_info_container" />
    <item type="id" name="layout_text" />
    <item type="id" name="line1" />
    <item type="id" name="line3" />
    <item type="id" name="link_bgf_retail" />
    <item type="id" name="link_nice_mobile" />
    <item type="id" name="list_container" />
    <item type="id" name="list_item" />
    <item type="id" name="ll_alert_list" />
    <item type="id" name="ll_all_menu_icon_root" />
    <item type="id" name="ll_all_menu_top_root" />
    <item type="id" name="ll_app_manage_list_root" />
    <item type="id" name="ll_barcode_below_root" />
    <item type="id" name="ll_barcode_bg_shadow_root" />
    <item type="id" name="ll_barcode_box_root" />
    <item type="id" name="ll_barcode_image" />
    <item type="id" name="ll_barcode_ready" />
    <item type="id" name="ll_barcode_root" />
    <item type="id" name="ll_birthday_input_root" />
    <item type="id" name="ll_bottom" />
    <item type="id" name="ll_bottom_btn" />
    <item type="id" name="ll_bottom_button_root" />
    <item type="id" name="ll_bottom_content_01" />
    <item type="id" name="ll_bottom_content_02" />
    <item type="id" name="ll_bottom_cu_none" />
    <item type="id" name="ll_bottom_line" />
    <item type="id" name="ll_btn_charge_cancel" />
    <item type="id" name="ll_btn_remove_pad" />
    <item type="id" name="ll_card_info_root" />
    <item type="id" name="ll_card_manager_list" />
    <item type="id" name="ll_card_number_root" />
    <item type="id" name="ll_card_number_timer_root" />
    <item type="id" name="ll_cash_limit_select" />
    <item type="id" name="ll_charge_balance" />
    <item type="id" name="ll_charge_notice" />
    <item type="id" name="ll_common_charge_notice" />
    <item type="id" name="ll_common_request_charge_notice" />
    <item type="id" name="ll_contents_bottom_root" />
    <item type="id" name="ll_contents_bottom_text_root" />
    <item type="id" name="ll_cu_feed_bubble_root" />
    <item type="id" name="ll_cu_money_back_panel" />
    <item type="id" name="ll_cu_money_notice" />
    <item type="id" name="ll_cu_money_opacity_root" />
    <item type="id" name="ll_cu_money_root" />
    <item type="id" name="ll_cu_point_back_panel" />
    <item type="id" name="ll_cu_point_opacity_root" />
    <item type="id" name="ll_cumem_webview_root" />
    <item type="id" name="ll_deduction_manager_list" />
    <item type="id" name="ll_dot_page_index" />
    <item type="id" name="ll_edit_phone_number_root" />
    <item type="id" name="ll_edit_userinfo_btn" />
    <item type="id" name="ll_empty_view" />
    <item type="id" name="ll_feed_item_root" />
    <item type="id" name="ll_icon_lock_root" />
    <item type="id" name="ll_info_text_bottom" />
    <item type="id" name="ll_info_text_message" />
    <item type="id" name="ll_info_text_middle" />
    <item type="id" name="ll_info_text_sub" />
    <item type="id" name="ll_info_text_top" />
    <item type="id" name="ll_login_btn_root" />
    <item type="id" name="ll_main_menu" />
    <item type="id" name="ll_manager_btn_root" />
    <item type="id" name="ll_middle" />
    <item type="id" name="ll_more_search_button" />
    <item type="id" name="ll_more_search_root" />
    <item type="id" name="ll_move_reservation_btn" />
    <item type="id" name="ll_network_error_msg" />
    <item type="id" name="ll_number_pad_root" />
    <item type="id" name="ll_otc_card_no_barcode" />
    <item type="id" name="ll_otc_card_no_barcode_image" />
    <item type="id" name="ll_otc_card_no_qr" />
    <item type="id" name="ll_otc_card_no_qr_image" />
    <item type="id" name="ll_otc_card_no_root" />
    <item type="id" name="ll_otc_card_root" />
    <item type="id" name="ll_payment_select" />
    <item type="id" name="ll_payment_title_root" />
    <item type="id" name="ll_permission_list" />
    <item type="id" name="ll_point_stamp_root" />
    <item type="id" name="ll_price_root" />
    <item type="id" name="ll_receipt_barcode_image" />
    <item type="id" name="ll_receipt_barcode_root" />
    <item type="id" name="ll_receipt_detail_root" />
    <item type="id" name="ll_receipt_list_root" />
    <item type="id" name="ll_refund_root" />
    <item type="id" name="ll_register_card_info_root" />
    <item type="id" name="ll_reload_onebarcode_btn" />
    <item type="id" name="ll_reservation_root" />
    <item type="id" name="ll_restart_btn" />
    <item type="id" name="ll_root" />
    <item type="id" name="ll_root_layout" />
    <item type="id" name="ll_row_usage_date" />
    <item type="id" name="ll_row_use_history_card_info" />
    <item type="id" name="ll_row_use_history_more_footer" />
    <item type="id" name="ll_scan_view_root" />
    <item type="id" name="ll_simple_payment_manager_list" />
    <item type="id" name="ll_skt_discount_notice" />
    <item type="id" name="ll_skt_point_alert" />
    <item type="id" name="ll_store_root" />
    <item type="id" name="ll_test_button" />
    <item type="id" name="ll_testline" />
    <item type="id" name="ll_titleBar" />
    <item type="id" name="ll_toggle_btn_root" />
    <item type="id" name="ll_top" />
    <item type="id" name="ll_top_title_root" />
    <item type="id" name="ll_user_info_root" />
    <item type="id" name="loNetfunnelMain" />
    <item type="id" name="loNetfunnelMessage" />
    <item type="id" name="load_more_bt" />
    <item type="id" name="login_close_button" />
    <item type="id" name="login_close_layout" />
    <item type="id" name="login_list_view" />
    <item type="id" name="login_method_icon" />
    <item type="id" name="login_method_layout" />
    <item type="id" name="login_method_text" />
    <item type="id" name="login_title_text" />
    <item type="id" name="lv_receipt" />
    <item type="id" name="masked" />
    <item type="id" name="media_actions" />
    <item type="id" name="mem_View_CUPlus_Money_Change" />
    <item type="id" name="mem_View_Card_Contents_Dip" />
    <item type="id" name="mem_View_Card_Name" />
    <item type="id" name="mem_View_Card_Reg_Date" />
    <item type="id" name="mem_View_Deduction_Register" />
    <item type="id" name="mem_View_TMoney_Charge" />
    <item type="id" name="mem_card_close" />
    <item type="id" name="mem_card_information_webview" />
    <item type="id" name="mem_regicard_img" />
    <item type="id" name="mem_regicard_root_view" />
    <item type="id" name="mem_unregi_card_img" />
    <item type="id" name="mem_unregicard_root_view" />
    <item type="id" name="menu_total_service_close" />
    <item type="id" name="message" />
    <item type="id" name="middle_margin_view" />
    <item type="id" name="msgLocationNegTxt" />
    <item type="id" name="msgTxt" />
    <item type="id" name="msgView" />
    <item type="id" name="mtrl_child_content_container" />
    <item type="id" name="mtrl_internal_children_alpha_tag" />
    <item type="id" name="navigation_header_container" />
    <item type="id" name="noCon" />
    <item type="id" name="no_data_notice_view" />
    <item type="id" name="notification_background" />
    <item type="id" name="notification_imageview" />
    <item type="id" name="notification_imageview_expand" />
    <item type="id" name="notification_imageview_largeIcon" />
    <item type="id" name="notification_imageview_next" />
    <item type="id" name="notification_imageview_pause" />
    <item type="id" name="notification_imageview_smallIcon" />
    <item type="id" name="notification_imageview_thumbnail" />
    <item type="id" name="notification_linearlayout_container" />
    <item type="id" name="notification_main_column" />
    <item type="id" name="notification_main_column_container" />
    <item type="id" name="notification_relativeLayout_largeIcon" />
    <item type="id" name="notification_relativelayout_back" />
    <item type="id" name="notification_relativelayout_center" />
    <item type="id" name="notification_relativelayout_close" />
    <item type="id" name="notification_relativelayout_container" />
    <item type="id" name="notification_relativelayout_pause" />
    <item type="id" name="notification_textview_appName" />
    <item type="id" name="notification_textview_description" />
    <item type="id" name="notification_textview_dot" />
    <item type="id" name="notification_textview_time" />
    <item type="id" name="notification_textview_title" />
    <item type="id" name="off" />
    <item type="id" name="on" />
    <item type="id" name="one_bar_title" />
    <item type="id" name="onebar_logo" />
    <item type="id" name="onebarcode_all" />
    <item type="id" name="onebarcode_background_layout" />
    <item type="id" name="onebarcode_body" />
    <item type="id" name="onebarcode_top_layout" />
    <item type="id" name="package_icon" />
    <item type="id" name="package_list" />
    <item type="id" name="package_name" />
    <item type="id" name="parentPanel" />
    <item type="id" name="parent_matrix" />
    <item type="id" name="paybooc_event_img" />
    <item type="id" name="pgbNetfunnelWaitPercent" />
    <item type="id" name="point_change_bt" />
    <item type="id" name="poppup_btnClose" />
    <item type="id" name="popup_background" />
    <item type="id" name="popup_btnClose2" />
    <item type="id" name="popup_btnDetail" />
    <item type="id" name="progressBar" />
    <item type="id" name="progress_bar" />
    <item type="id" name="progress_circular" />
    <item type="id" name="progress_horizontal" />
    <item type="id" name="radio" />
    <item type="id" name="recharge_normal_left_click" />
    <item type="id" name="recharge_normal_left_tab_view" />
    <item type="id" name="recharge_normal_right_click" />
    <item type="id" name="recharge_standards_on_include_view" />
    <item type="id" name="recycler_memcard_view" />
    <item type="id" name="recycler_use_history_view" />
    <item type="id" name="recycler_view" />
    <item type="id" name="relative_loading_parent" />
    <item type="id" name="relative_non_ani_loading_parent" />
    <item type="id" name="replace_snack_bar_layout" />
    <item type="id" name="rg_type_layout" />
    <item type="id" name="right_icon" />
    <item type="id" name="right_side" />
    <item type="id" name="rl_alarm_count_root" />
    <item type="id" name="rl_all_menu_bottom_root" />
    <item type="id" name="rl_balance_root" />
    <item type="id" name="rl_barcode_animation" />
    <item type="id" name="rl_barcode_select01_btn" />
    <item type="id" name="rl_barcode_select_btn" />
    <item type="id" name="rl_barcode_title" />
    <item type="id" name="rl_bottom_action_btn" />
    <item type="id" name="rl_card_image_root" />
    <item type="id" name="rl_chekc_button_root" />
    <item type="id" name="rl_cu_money_barcode_root" />
    <item type="id" name="rl_cu_money_circle" />
    <item type="id" name="rl_cu_money_switch_root" />
    <item type="id" name="rl_cu_point_circle" />
    <item type="id" name="rl_cu_point_switch_root" />
    <item type="id" name="rl_day_set_btn" />
    <item type="id" name="rl_dot_root" />
    <item type="id" name="rl_info_item_root" />
    <item type="id" name="rl_list_item_root" />
    <item type="id" name="rl_login_status" />
    <item type="id" name="rl_main_webview_keyboard_root" />
    <item type="id" name="rl_month_set_btn" />
    <item type="id" name="rl_nothing_receipt_root" />
    <item type="id" name="rl_payment_select_btn" />
    <item type="id" name="rl_receipt_select_btn" />
    <item type="id" name="rl_recycler_use_history_view" />
    <item type="id" name="rl_root_layout" />
    <item type="id" name="rl_select_date_type_btn" />
    <item type="id" name="rl_slideButton" />
    <item type="id" name="rl_title_button_root" />
    <item type="id" name="rl_title_root" />
    <item type="id" name="rl_year_set_btn" />
    <item type="id" name="save_image_matrix" />
    <item type="id" name="save_non_transition_alpha" />
    <item type="id" name="save_scale_type" />
    <item type="id" name="sc_payment_layout" />
    <item type="id" name="scrollIndicatorDown" />
    <item type="id" name="scrollIndicatorUp" />
    <item type="id" name="scrollView" />
    <item type="id" name="search_badge" />
    <item type="id" name="search_bar" />
    <item type="id" name="search_button" />
    <item type="id" name="search_close_btn" />
    <item type="id" name="search_edit_frame" />
    <item type="id" name="search_go_btn" />
    <item type="id" name="search_mag_icon" />
    <item type="id" name="search_plate" />
    <item type="id" name="search_src_text" />
    <item type="id" name="search_voice_btn" />
    <item type="id" name="select_dialog_listview" />
    <item type="id" name="shortcut" />
    <item type="id" name="simple_payment_layout" />
    <item type="id" name="skt_discount_layout" />
    <item type="id" name="smallLabel" />
    <item type="id" name="snackbar_action" />
    <item type="id" name="snackbar_text" />
    <item type="id" name="spacer" />
    <item type="id" name="split_action_bar" />
    <item type="id" name="standards_recharge_include_root_view" />
    <item type="id" name="status_bar_latest_event_content" />
    <item type="id" name="submenuarrow" />
    <item type="id" name="submit_area" />
    <item type="id" name="sv_each_barcode_root" />
    <item type="id" name="sv_onebarcode_root" />
    <item type="id" name="sv_settings_root" />
    <item type="id" name="switch_auto_login" />
    <item type="id" name="switch_auto_shake" />
    <item type="id" name="switch_check_status" />
    <item type="id" name="switch_check_status_app_push_agree" />
    <item type="id" name="switch_check_status_device_push_agree" />
    <item type="id" name="switch_check_status_location_agree" />
    <item type="id" name="switch_check_status_marketing_agree" />
    <item type="id" name="switch_use_simplepay" />
    <item type="id" name="tag_accessibility_actions" />
    <item type="id" name="tag_accessibility_clickable_spans" />
    <item type="id" name="tag_accessibility_heading" />
    <item type="id" name="tag_accessibility_pane_title" />
    <item type="id" name="tag_screen_reader_focusable" />
    <item type="id" name="tag_transition_group" />
    <item type="id" name="tag_unhandled_key_event_manager" />
    <item type="id" name="tag_unhandled_key_listeners" />
    <item type="id" name="tb_select_coupon" />
    <item type="id" name="tb_select_cu_money" />
    <item type="id" name="tb_select_cu_point" />
    <item type="id" name="tb_select_notsee" />
    <item type="id" name="tb_select_payment" />
    <item type="id" name="tb_select_tmembership" />
    <item type="id" name="tb_type_credit" />
    <item type="id" name="tb_type_ispmobile" />
    <item type="id" name="tb_type_payco" />
    <item type="id" name="text" />
    <item type="id" name="text2" />
    <item type="id" name="textSpacerNoButtons" />
    <item type="id" name="textSpacerNoTitle" />
    <item type="id" name="text_input_password_toggle" />
    <item type="id" name="textinput_counter" />
    <item type="id" name="textinput_error" />
    <item type="id" name="textinput_helper_text" />
    <item type="id" name="time" />
    <item type="id" name="title" />
    <item type="id" name="titleDividerNoCustom" />
    <item type="id" name="title_template" />
    <item type="id" name="toggle_root_layout" />
    <item type="id" name="topPanel" />
    <item type="id" name="top_margin_view" />
    <item type="id" name="touch_outside" />
    <item type="id" name="transition_current_scene" />
    <item type="id" name="transition_layout_save" />
    <item type="id" name="transition_position" />
    <item type="id" name="transition_scene_layoutid_cache" />
    <item type="id" name="transition_transform" />
    <item type="id" name="tt" />
    <item type="id" name="tv_action_btn_text" />
    <item type="id" name="tv_alarm_count" />
    <item type="id" name="tv_all_service_title" />
    <item type="id" name="tv_app_version" />
    <item type="id" name="tv_balance_point" />
    <item type="id" name="tv_balance_title" />
    <item type="id" name="tv_barcode_text" />
    <item type="id" name="tv_bottom_line" />
    <item type="id" name="tv_content" />
    <item type="id" name="tv_contents_text" />
    <item type="id" name="tv_cu_membership_card" />
    <item type="id" name="tv_cumoney_balance_text" />
    <item type="id" name="tv_day" />
    <item type="id" name="tv_feed_date" />
    <item type="id" name="tv_have_cu_money" />
    <item type="id" name="tv_have_cu_point" />
    <item type="id" name="tv_licence_detail" />
    <item type="id" name="tv_membership_card_notice" />
    <item type="id" name="tv_message" />
    <item type="id" name="tv_month" />
    <item type="id" name="tv_name" />
    <item type="id" name="tv_not_register_card_notice" />
    <item type="id" name="tv_otc_card_no_text" />
    <item type="id" name="tv_payment_price" />
    <item type="id" name="tv_payment_select" />
    <item type="id" name="tv_permission_settings_noti_text" />
    <item type="id" name="tv_phoneNumber" />
    <item type="id" name="tv_point_name" />
    <item type="id" name="tv_point_text" />
    <item type="id" name="tv_print" />
    <item type="id" name="tv_pw_message" />
    <item type="id" name="tv_pw_title" />
    <item type="id" name="tv_receipt_barcode_text" />
    <item type="id" name="tv_receipt_barcode_title" />
    <item type="id" name="tv_refund_yn" />
    <item type="id" name="tv_register_card_num" />
    <item type="id" name="tv_reservation_count" />
    <item type="id" name="tv_result" />
    <item type="id" name="tv_sale_date" />
    <item type="id" name="tv_sale_time" />
    <item type="id" name="tv_selected_date_type" />
    <item type="id" name="tv_small_contents" />
    <item type="id" name="tv_small_title" />
    <item type="id" name="tv_snack_message" />
    <item type="id" name="tv_store_name" />
    <item type="id" name="tv_time" />
    <item type="id" name="tv_timer" />
    <item type="id" name="tv_title" />
    <item type="id" name="tv_title_00" />
    <item type="id" name="tv_title_01" />
    <item type="id" name="tv_title_bluetooth" />
    <item type="id" name="tv_title_contact" />
    <item type="id" name="tv_title_location" />
    <item type="id" name="tv_top_line" />
    <item type="id" name="tv_unit" />
    <item type="id" name="tv_use_coupon_count" />
    <item type="id" name="tv_user_id" />
    <item type="id" name="tv_year" />
    <item type="id" name="txLastCost" />
    <item type="id" name="txtNetfunnelMessageRunning" />
    <item type="id" name="txtNetfunnelMsg" />
    <item type="id" name="txtNetfunnelWaitCount" />
    <item type="id" name="txtNetfunnelWaitCountText1" />
    <item type="id" name="txtNetfunnelWaitTime" />
    <item type="id" name="txtPopupStoreInfo" />
    <item type="id" name="txt_setting_per_title" />
    <item type="id" name="txt_title" />
    <item type="id" name="unchecked" />
    <item type="id" name="underLayerBt" />
    <item type="id" name="unregiContents" />
    <item type="id" name="up" />
    <item type="id" name="username_inputed" />
    <item type="id" name="userpass_inputed" />
    <item type="id" name="view_Member_Layout" />
    <item type="id" name="view_arr_black" />
    <item type="id" name="view_bottom_line" />
    <item type="id" name="view_horizontal_adjust" />
    <item type="id" name="view_loading_icon" />
    <item type="id" name="view_loading_icon_WW" />
    <item type="id" name="view_loading_icon_stroke" />
    <item type="id" name="view_lock_icon1" />
    <item type="id" name="view_lock_icon2" />
    <item type="id" name="view_lock_icon3" />
    <item type="id" name="view_lock_icon4" />
    <item type="id" name="view_offset_helper" />
    <item type="id" name="view_refund_line" />
    <item type="id" name="view_title_underbar" />
    <item type="id" name="view_underline_otc" />
    <item type="id" name="view_vertical_adjust" />
    <item type="id" name="viewstub_empty_view" />
    <item type="id" name="visible" />
    <item type="id" name="vp_AppUseCase" />
    <item type="id" name="webView" />
    <item type="id" name="webview" />
    <item type="id" name="webviewEndKey" />
    <item type="id" name="webviewNaviBar" />
    <item type="id" name="wholeView" />
    <item type="id" name="wv_cu_subwebview" />
    <item type="id" name="wv_cumem_main" />
    <item type="id" name="zxing_back_button" />
    <item type="id" name="zxing_barcode_scanner" />
    <item type="id" name="zxing_barcode_surface" />
    <item type="id" name="zxing_camera_closed" />
    <item type="id" name="zxing_camera_error" />
    <item type="id" name="zxing_decode" />
    <item type="id" name="zxing_decode_failed" />
    <item type="id" name="zxing_decode_succeeded" />
    <item type="id" name="zxing_possible_result_points" />
    <item type="id" name="zxing_preview_failed" />
    <item type="id" name="zxing_prewiew_size_ready" />
    <item type="id" name="zxing_status_view" />
    <item type="id" name="zxing_viewfinder_view" />
</resources>
