<?xml version="1.0" encoding="utf-8"?>
<resources>
    <string name="abc_action_bar_home_description">Navigate home</string>
    <string name="abc_action_bar_up_description">Navigate up</string>
    <string name="abc_action_menu_overflow_description">More options</string>
    <string name="abc_action_mode_done">Done</string>
    <string name="abc_activity_chooser_view_see_all">See all</string>
    <string name="abc_activitychooserview_choose_application">Choose an app</string>
    <string name="abc_capital_off">OFF</string>
    <string name="abc_capital_on">ON</string>
    <string name="abc_menu_alt_shortcut_label">Alt+</string>
    <string name="abc_menu_ctrl_shortcut_label">Ctrl+</string>
    <string name="abc_menu_delete_shortcut_label">delete</string>
    <string name="abc_menu_enter_shortcut_label">enter</string>
    <string name="abc_menu_function_shortcut_label">Function+</string>
    <string name="abc_menu_meta_shortcut_label">Meta+</string>
    <string name="abc_menu_shift_shortcut_label">Shift+</string>
    <string name="abc_menu_space_shortcut_label">space</string>
    <string name="abc_menu_sym_shortcut_label">Sym+</string>
    <string name="abc_prepend_shortcut_label">Menu+</string>
    <string name="abc_search_hint">Search…</string>
    <string name="abc_searchview_description_clear">Clear query</string>
    <string name="abc_searchview_description_query">Search query</string>
    <string name="abc_searchview_description_search">Search</string>
    <string name="abc_searchview_description_submit">Submit query</string>
    <string name="abc_searchview_description_voice">Voice search</string>
    <string name="abc_shareactionprovider_share_with">Share with</string>
    <string name="abc_shareactionprovider_share_with_application">Share with %s</string>
    <string name="abc_toolbar_collapse_description">Collapse</string>
    <string name="action_settings">Settings</string>
    <string name="all_service_title_benefits">혜택보기</string>
    <string name="all_service_title_mypage">마이페이지</string>
    <string name="all_service_title_news">소식보기</string>
    <string name="all_service_title_service_info">서비스 이용 안내</string>
    <string name="all_service_title_using_info">이용하기</string>
    <string name="app_accept_marketing_setting_dialog_text">%s 설정 변경 하시겠습니까?</string>
    <string name="app_accept_push_setting_dialog_text">%s 설정 변경 하시겠습니까?</string>
    <string name="app_alert_etc_marketing_msg_00">공동 마케팅 수행 및 고객 정보 분석</string>
    <string name="app_alert_etc_marketing_msg_01">상품, 서비스 광고 및 마케팅 혜택 제공</string>
    <string name="app_alert_etc_marketing_title">수집/이용 목적</string>
    <string name="app_alert_etc_push_msg">푸시 알림을 위한 개인정보 수집 선택 수집이용 약관</string>
    <string name="app_alert_etc_push_title">항목</string>
    <string name="app_alert_msg_00">스마트폰의 설정에서 알림 수신/미수신 여부를 설정할 수 있습니다.</string>
    <string name="app_alert_msg_01">공지사항, 당첨자발표 등의 정보성 알림을 받을수 있습니다.</string>
    <string name="app_alert_msg_02">이벤트, 할인 및 쿠폰 등의 광고성 알림을 받을 수 있습니다.</string>
    <string name="app_alert_msg_03">"주변점포찾기, 점포방문시
이벤트/혜택 알림을 받을 수 있습니다."</string>
    <string name="app_alert_msg_04" />
    <string name="app_alert_title_00">디바이스 알림 수신 설정</string>
    <string name="app_alert_title_01">APP PUSH 알림 수신 설정</string>
    <string name="app_alert_title_02">마케팅 정보 수신 동의(광고)</string>
    <string name="app_alert_title_03">위치기반 서비스 이용동의</string>
    <string name="app_close_dialog_text">"CU Buy-Self APP을 
종료하시겠습니까?"</string>
    <string name="app_close_text">"종료하려면 '이전' 버튼을 한번 더 누르세요."</string>
    <string name="app_info_title_app">APP 소개</string>
    <string name="app_info_title_contact">제휴카드 안내</string>
    <string name="app_info_title_customer_center">고객센터</string>
    <string name="app_info_title_service">서비스 안내</string>
    <string name="app_info_title_terms">약관 및 정책</string>
    <string name="app_info_title_traffic_card">CU 교통카드 안내</string>
    <string name="app_key">8f2b372d39c94053939b</string>
    <string name="app_name">포켓CU</string>
    <string name="app_permission_msg_bluetooth">할인쿠폰 발급을 위한 비콘 서비스에 필요합니다.</string>
    <string name="app_permission_msg_contact">선물하기, 그룹포인트 연락처 정보 확인에 필요합니다.</string>
    <string name="app_permission_msg_location">점포 찾기 등에서 현재위치를 확인하기 위해 필요합니다.</string>
    <string name="app_permission_setting_dialog_text">"안드로이드 [설정] > [애플리케이션관리자] > [포켓CU] > 권한에서 %s 접근권한을 변경해야합니다.
설정 화면으로 이동하시겠습니까?"</string>
    <string name="app_permission_setting_noti_full_text">APP 접근권한 설정은 “휴대폰 > 설정 > 포켓CU”에서 하실 수 있습니다.</string>
    <string name="app_permission_setting_noti_sub_text">“휴대폰 > 설정 > 포켓CU”</string>
    <string name="app_permission_title_bluetooth">블루투스</string>
    <string name="app_permission_title_contact">주소록</string>
    <string name="app_permission_title_location">위치권한</string>
    <string name="appbar_scrolling_view_behavior">com.google.android.material.appbar.AppBarLayout$ScrollingViewBehavior</string>
    <string name="auth_code_cancel">Pressed back button or disagree button during requesting auth code.</string>
    <string name="bottom_sheet_behavior">com.google.android.material.bottomsheet.BottomSheetBehavior</string>
    <string name="btn_label_refresh">Refresh</string>
    <string name="button_for_ssl_go_back">Back</string>
    <string name="button_for_ssl_go_forward">Continue</string>
    <string name="cancel">취소</string>
    <string name="character_counter_content_description">Character limit exceeded %1$d of %2$d</string>
    <string name="character_counter_pattern">%1$d / %2$d</string>
    <string name="com_facebook_device_auth_instructions">Visit &lt;b>facebook.com/device&lt;/b> and enter the code shown above.</string>
    <string name="com_facebook_image_download_unknown_error">Unexpected error while downloading an image.</string>
    <string name="com_facebook_internet_permission_error_message">WebView login requires INTERNET permission</string>
    <string name="com_facebook_internet_permission_error_title">AndroidManifest Error</string>
    <string name="com_facebook_like_button_liked">Liked</string>
    <string name="com_facebook_like_button_not_liked">Like</string>
    <string name="com_facebook_loading">Loading…</string>
    <string name="com_facebook_loginview_cancel_action">Cancel</string>
    <string name="com_facebook_loginview_log_in_button">Log in</string>
    <string name="com_facebook_loginview_log_in_button_continue">Continue with Facebook</string>
    <string name="com_facebook_loginview_log_in_button_long">Log in with Facebook</string>
    <string name="com_facebook_loginview_log_out_action">Log out</string>
    <string name="com_facebook_loginview_log_out_button">Log out</string>
    <string name="com_facebook_loginview_logged_in_as">Logged in as: %1$s</string>
    <string name="com_facebook_loginview_logged_in_using_facebook">Logged in using Facebook</string>
    <string name="com_facebook_send_button_text">Send</string>
    <string name="com_facebook_share_button_text">Share</string>
    <string name="com_facebook_smart_device_instructions">To connect your account, open the Facebook app on your mobile device and check for notifications.</string>
    <string name="com_facebook_smart_device_instructions_or">- OR -</string>
    <string name="com_facebook_smart_login_confirmation_cancel">Not you?</string>
    <string name="com_facebook_smart_login_confirmation_continue_as">Continue as %1$s</string>
    <string name="com_facebook_smart_login_confirmation_title">Confirm Login</string>
    <string name="com_facebook_tooltip_default">"You're in control - choose what info you want to share with apps."</string>
    <string name="com_kakao_account_cancel">Cancel</string>
    <string name="com_kakao_account_cancel_tts">Cancel, Button</string>
    <string name="com_kakao_cancel_button">Cancel</string>
    <string name="com_kakao_confirm_logout">Are you sure to log out from this app?</string>
    <string name="com_kakao_confirm_unlink">Are you sure to unlink from this app?</string>
    <string name="com_kakao_kakaostory_account">with KakaoStory</string>
    <string name="com_kakao_kakaostory_account_tts">with KakaoStory, Button</string>
    <string name="com_kakao_kakaotalk_account">with KakaoTalk</string>
    <string name="com_kakao_kakaotalk_account_tts">with KakaoTalk, Button</string>
    <string name="com_kakao_login_button">Log in with KakaoAccount</string>
    <string name="com_kakao_login_button_tts">Log in with KakaoAccount, Button</string>
    <string name="com_kakao_login_image_tts">Login with KakaoAccount, Image</string>
    <string name="com_kakao_logout_button">Log out</string>
    <string name="com_kakao_ok_button">OK</string>
    <string name="com_kakao_other_kakaoaccount">with another KakaoAccount</string>
    <string name="com_kakao_other_kakaoaccount_tts">with another KakaoAccount, Button</string>
    <string name="com_kakao_profile_nickname">Nickname</string>
    <string name="com_kakao_profile_userId">Kakao User ID</string>
    <string name="com_kakao_talk_chooser_text">Which version of KakaoTalk would you like to use?</string>
    <string name="com_kakao_tokeninfo_button">Token Info</string>
    <string name="com_kakao_unlink_button">Unlink</string>
    <string name="common_google_play_services_enable_button">Enable</string>
    <string name="common_google_play_services_enable_text">"%1$s won't work unless you enable Google Play services."</string>
    <string name="common_google_play_services_enable_title">Enable Google Play services</string>
    <string name="common_google_play_services_install_button">Install</string>
    <string name="common_google_play_services_install_text">"%1$s won't run without Google Play services, which are missing from your device."</string>
    <string name="common_google_play_services_install_title">Get Google Play services</string>
    <string name="common_google_play_services_notification_channel_name">Google Play services availability</string>
    <string name="common_google_play_services_notification_ticker">Google Play services error</string>
    <string name="common_google_play_services_unknown_issue">%1$s is having trouble with Google Play services. Please try again.</string>
    <string name="common_google_play_services_unsupported_text">"%1$s won't run without Google Play services, which are not supported by your device."</string>
    <string name="common_google_play_services_update_button">Update</string>
    <string name="common_google_play_services_update_text">"%1$s won't run unless you update Google Play services."</string>
    <string name="common_google_play_services_update_title">Update Google Play services</string>
    <string name="common_google_play_services_updating_text">"%1$s won't run without Google Play services, which are currently updating."</string>
    <string name="common_google_play_services_wear_update_text">New version of Google Play services needed. It will update itself shortly.</string>
    <string name="common_invalid_request">잘못된 요청입니다.</string>
    <string name="common_invalid_response">잘못된 응답입니다.</string>
    <string name="common_open_on_phone">Open on phone</string>
    <string name="common_signin_button_text">Sign in</string>
    <string name="common_signin_button_text_long">Sign in with Google</string>
    <string name="core_com_kakao_sdk_loading">Loading…</string>
    <string name="cu_money_info_ex">"Ex) 5,000원(기존잔액) + 10,000원(추가 충전) = 15,000원 (환불기준액)인 경우
※ 9,000원 이상 사용 후 잔액 환불 가능"</string>
    <string name="default_location_searching">위치 조회중..</string>
    <string name="default_notification_channel_id">PocketCU</string>
    <string name="default_notification_channel_name">포켓CU</string>
    <string name="default_web_client_id">514754806914-1bdi8blt4ta2dknku357hvhcvaje9qis.apps.googleusercontent.com</string>
    <string name="direct">직접입력</string>
    <string name="fab_transformation_scrim_behavior">com.google.android.material.transformation.FabTransformationScrimBehavior</string>
    <string name="fab_transformation_sheet_behavior">com.google.android.material.transformation.FabTransformationSheetBehavior</string>
    <string name="facebook_app_id">199861110714183</string>
    <string name="facebook_login">페이스북 로그인</string>
    <string name="fb_login_protocol_scheme">fb_login_protocol_scheme</string>
    <string name="fcm_fallback_notification_channel_label">Miscellaneous</string>
    <string name="fingerprint_description">계속하려면 지문을 확인해주세요.</string>
    <string name="fingerprint_hint">"지문인식 센서에
손가락을 올려주세요."</string>
    <string name="fingerprint_not_recognized">지문 인식 실패. 재시도 해주세요.</string>
    <string name="fingerprint_success">지문 인식 성공.</string>
    <string name="fingerprint_unable_hardware_able_key">"단말기에서 지문인식을 이용한 인증기능을 지원하지 않거나, 활성화되어 있지 않습니다.
단말기의 환경설정을 확인하십시오."</string>
    <string name="firebase_database_url">https://cu-test-3b6bb.firebaseio.com</string>
    <string name="gcm_defaultSenderId">514754806914</string>
    <string name="gcm_project_id">514754806914</string>
    <string name="gmail">gmail.com</string>
    <string name="google_api_key">AIzaSyCc9pANfgQ-O6RfITA5XUua3yqGCOgTinc</string>
    <string name="google_app_id">1:514754806914:android:c7091bec68aa1b65</string>
    <string name="google_crash_reporting_api_key">AIzaSyCc9pANfgQ-O6RfITA5XUua3yqGCOgTinc</string>
    <string name="google_storage_bucket">cu-test-3b6bb.appspot.com</string>
    <string name="hanmail">hanmail.com</string>
    <string name="hide_bottom_view_on_scroll_behavior">com.google.android.material.behavior.HideBottomViewOnScrollBehavior</string>
    <string name="hotmail">hotmail.com</string>
    <string name="image_upload_chooser_text">How would you upload image?</string>
    <string name="juso_search">주소 검색</string>
    <string name="kakao_app_key">e92272c3adc365f7e559dc57845840c6</string>
    <string name="kakaotalk_login">카카오톡 로그인</string>
    <string name="korea">korea.com</string>
    <string name="list_alert_feed_type_all">전체</string>
    <string name="list_alert_feed_type_event">행사</string>
    <string name="list_alert_feed_type_group">그룹포인트</string>
    <string name="list_alert_feed_type_notice">공지</string>
    <string name="list_alert_feed_type_notice_crm">기타</string>
    <string name="list_alert_feed_type_onebarcode">포인트마켓</string>
    <string name="list_alert_feed_type_plus">CU 키핑쿠폰</string>
    <string name="list_alert_feed_type_reserve">예약구매</string>
    <string name="log_in_text">Log in</string>
    <string name="login_method">Login Method</string>
    <string name="lunchEnvironmentId">launch-EN3013d957df0c42caa0de23eb8ef110fa</string>
    <string name="message_for_ssl_warning">There are problems with the security certificate for this site.</string>
    <string name="msg_alert_no_internet">Please make sure that you have active internet connection.</string>
    <string name="msg_location_service_not_started">Location Tracking Not Started</string>
    <string name="msg_location_service_started">Location Tracking Started</string>
    <string name="msg_multi_msg_device">"다른 디바이스에서 로그인 하신r
관계로 자동 로그아웃 되며,r
로그인 정보가 삭제 됩니다.r
만약, 본인이 로그인한 것이 아니라면 비밀번호 변경 후 다시 이용해주세요."</string>
    <string name="msg_recharge_check_all">모든 체크란에 완료가 되어야 진행이 가능 합니다.</string>
    <string name="msg_recharge_cost_check">충전 금액을 선택해주세요.</string>
    <string name="msg_recharge_pay_agreement">충전 금액 결제 동의란을 체크해주세요.</string>
    <string name="msg_recharge_payment_type">지불 방식을 선택해주세요.</string>
    <string name="mtrl_chip_close_icon_content_description">Remove %1$s</string>
    <string name="nate">nate.com</string>
    <string name="naver">naver.com</string>
    <string name="naver_client_id">O43zp8_DGublesn8bYg9</string>
    <string name="naver_client_secret">I3qq7oqXL4</string>
    <string name="naveroauthlogin_string_browser_app_issue">Your device must have a browser app.</string>
    <string name="naveroauthlogin_string_getting_token">Sign in with NAVER</string>
    <string name="naveroauthlogin_string_group_id_not_available">"Group ID can't be used to 'Sign in with NAVER'. Please sign in as a normal account."</string>
    <string name="naveroauthlogin_string_msg_naverapp_download_desc">Get NAVER App and sign in faster</string>
    <string name="naveroauthlogin_string_msg_naverapp_download_link">Download App</string>
    <string name="naveroauthlogin_string_network_state_not_available">Network is not available. Please check your network connection and try again.</string>
    <string name="naveroauthlogin_string_token_invalid">Quick Sign-in account has been expired.</string>
    <string name="naveroauthlogin_string_update_naverapp">Please update your Naver app to use this service.</string>
    <string name="netfunnel_barcode_text">[ 멤버십 바코드 열기 ]</string>
    <string name="netfunnel_barcode_text_sub1">대기를 원하시지 않고 지금 즉시 CU포인트 적립, CU키핑쿠폰 발급, SKT할인을 사용하실 경우에 아래 버튼을 눌러주세요.</string>
    <string name="netfunnel_message">서비스 접속 대기중입니다</string>
    <string name="netfunnel_stop_text">[ 대기 중지 ]</string>
    <string name="netfunnel_waitcount_text">고객님 앞에 &lt;font color=\"#2a509b\">[[wait_before_count]]&lt;/font>명의 대기자가 있습니다.</string>
    <string name="netfunnel_waitcount_text_sub1">현재 접속 사용자가 많아 대기 중이며, 잠시만 기다리시면 서비스로 자동 접속 됩니다.</string>
    <string name="netfunnel_waittime_text">예상대기시간 : &lt;font color=\"#001f6c\">[[wait_time]]&lt;/font>초</string>
    <string name="new_fingerprint_enrolled_description">이 장치에 새 지문이 추가되었으므로 암호가 필요합니다.</string>
    <string name="no_google_playservice_available">No Google Playservice found. Please install it.</string>
    <string name="no_location_detected">No location detected. Make sure location is enabled on the device.</string>
    <string name="notice_bgf_consulting_time">상담시간 : 평일 09:00 ~ 18:00</string>
    <string name="notice_contact_bgf_retail">BGF리테일 : 1577-8007</string>
    <string name="notice_contact_nice">나이스정보통신 : 1644-9760</string>
    <string name="notice_contact_nice_payments">나이스페이먼츠 : 02-2186-4866</string>
    <string name="notice_title_balance">잔돈잔액 이용안내</string>
    <string name="notice_title_cumoney_account_consulting">계좌충전 관련 문의상담</string>
    <string name="notice_title_cumoney_consulting">잔돈충전 관련 문의상담</string>
    <string name="notice_title_income_deduction">유의사항</string>
    <string name="notice_title_onebarcode">이용안내</string>
    <string name="ok">확인</string>
    <string name="onebar_code_rechange_alert">결제 조합을 변경하시는 경우, 간편 결제를 재인증 하셔야 합니다. 결제 조합을 변경하시겠습니까?</string>
    <string name="onebarcode_card_manage_title_card_balance">잔돈 충전 관리</string>
    <string name="onebarcode_card_manage_title_cu_member">CU 멤버십 카드</string>
    <string name="onebarcode_card_manage_title_skt_member">SKT 멤버십 카드 관리</string>
    <string name="onebarcode_deduction_manage_title_deduction">소득 공제</string>
    <string name="onebarcode_payment_manage_title_credit">신용카드 관리</string>
    <string name="onebarcode_payment_manage_title_ispmobile">페이북 관리</string>
    <string name="onebarcode_payment_manage_title_payco">PAYCO 관리</string>
    <string name="onebarcode_reservation_count">예약된 상품이 %d개 있습니다.</string>
    <string name="onebarcode_setting_cu_point">CU포인트 사용 시 SKT 멤버십 할인 적용이 비활성화 됩니다.</string>
    <string name="onebarcode_setting_skt_point">SKT 멤버십 할인 적용 시 CU포인트 사용이 비활성화 됩니다.</string>
    <string name="password">암호</string>
    <string name="password_description">계속하려면 암호를 입력하십시오.</string>
    <string name="password_toggle_content_description">Show password</string>
    <string name="path_password_eye">M12,4.5C7,4.5 2.73,7.61 1,12c1.73,4.39 6,7.5 11,7.5s9.27,-3.11 11,-7.5c-1.73,-4.39 -6,-7.5 -11,-7.5zM12,17c-2.76,0 -5,-2.24 -5,-5s2.24,-5 5,-5 5,2.24 5,5 -2.24,5 -5,5zM12,9c-1.66,0 -3,1.34 -3,3s1.34,3 3,3 3,-1.34 3,-3 -1.34,-3 -3,-3z</string>
    <string name="path_password_eye_mask_strike_through">M2,4.27 L19.73,22 L22.27,19.46 L4.54,1.73 L4.54,1 L23,1 L23,23 L1,23 L1,4.27 Z</string>
    <string name="path_password_eye_mask_visible">M2,4.27 L2,4.27 L4.54,1.73 L4.54,1.73 L4.54,1 L23,1 L23,23 L1,23 L1,4.27 Z</string>
    <string name="path_password_strike_through">M3.27,4.27 L19.74,20.74</string>
    <string name="permission_denied_explanation">You have not granted location permission. So the service cannot be started.</string>
    <string name="permission_rationale">Please grant location permission to start the service</string>
    <string name="project_id">cu-test-3b6bb</string>
    <string name="qr_info_bottom_denied_message">"카메라 기능을 사용할 수 없습니다.
App 접근권한을 확인해 주세요."</string>
    <string name="qr_info_bottom_grant_message">점포 QR 코드를 스캔해주세요.</string>
    <string name="qr_info_sub_message">(일부 특수 점포에 한하여 이용 가능)</string>
    <string name="qr_info_top_message">출입문 인근의 점포QR코드를 스캔하세요</string>
    <string name="qr_unlock_fail_message">"죄송합니다.
도어락오픈에 실패하였습니다.
다시 시도해주세요."</string>
    <string name="qr_unlock_fail_sub">"해당 문제가 지속되면
고객센터 (1577-8007)로 문의해주세요."</string>
    <string name="qr_unlock_success_message">"반갑습니다, %1$s님
CU %2$s 방문을 환영합니다."</string>
    <string name="qr_unlock_success_sub">결제는 셀프계산대를 이용해주세요.</string>
    <string name="receipt_cancel_msg">"결제 취소 시 점포 근무자가 카드를 요청하면 점원의
안내에 따라 해당 바코드 또는 QR코드 를 보여주세요."</string>
    <string name="receipt_cancel_txt">결제 취소 시 점포 근무자가 카드를 요청하면 아래 화살표를 클릭하여 나타나는 바코드 또는 QR코드 를 보여주세요.</string>
    <string name="retry">Retry</string>
    <string name="search_menu_title">Search</string>
    <string name="service_ready">서비스 준비중 입니다.</string>
    <string name="service_recharge_account">충전 후 잔돈잔액 총액이 50 만원을 초과할 수 없습니다.</string>
    <string name="service_recharge_agreement">충전 금액 확인 및 결제에 동의해 주세요.</string>
    <string name="service_recharge_fail">온라인 충전에 실패했습니다.</string>
    <string name="service_recharge_ready">계좌이체 충전을 진행하시겠습니까?</string>
    <string name="setting_per_title_msg">권한 설정 &lt;font color=#888888>(※ 업데이트된 정보는 &lt;/font>&lt;font color=#652c8d>1~2일&lt;/font> &lt;font color=#888888>차이가 발생할 수 있습니다.)&lt;/font></string>
    <string name="setting_shake_info">"포켓CU 이용 중 폰을 흔들면 ONE바코드를
노출하여 빠르게 결제를 하실 수 있는 기능 입니다."</string>
    <string name="setting_shake_setup">ONE바코드 쉐이크 설정</string>
    <string name="setting_title_auto_login">자동로그인 설정</string>
    <string name="setting_title_pre_simplepay">간편결제 수단 미리 설정</string>
    <string name="setting_title_pre_simplepay_msg">즐겨 쓰는 결제수단을 미리 선택하여 더욱 빠르게 결제해 보세요.</string>
    <string name="settings">settings</string>
    <string name="settings_letter_marketing">"%1$s에
마케팅 정보 수신여부가 \"%2$s\"
상태로 정상 처리되었습니다."</string>
    <string name="sign_in">지문 인식</string>
    <string name="status_bar_notification_info_overflow">999+</string>
    <string name="str_a_tag">위치기반 서비스 이용약관 상세보기</string>
    <string name="str_account_goto_signup">회원가입하러가기</string>
    <string name="str_account_login">로그인</string>
    <string name="str_account_loss_id">혹시 아이디, 비밀번호가 기억나지 않으세요?</string>
    <string name="str_account_please_id">아이디를 입력해주세요.</string>
    <string name="str_account_please_pw">비밀번호를 입력해주세요.</string>
    <string name="str_account_please_pw_01">비밀번호 입력(영문 숫자조합 8자리 이상)</string>
    <string name="str_account_please_pw_02">비밀번호 재입력</string>
    <string name="str_account_please_signup">어머! 아직 CU 회원이 아니시라구요?</string>
    <string name="str_account_simplelogin">간편인증 로그인</string>
    <string name="str_account_title_membership_login">CU 멤버십 로그인</string>
    <string name="str_account_title_person_info_input">회원정보 입력</string>
    <string name="str_account_title_person_verify">본인인증</string>
    <string name="str_account_title_simple_verify">간편인증</string>
    <string name="str_account_title_terms_accept">약관동의</string>
    <string name="str_account_well_come_msg">가입을 축하합니다.</string>
    <string name="str_app_install_nice_notice">결제 진행을 위한 NICE APP이 설치되지 않았습니다. 설치를 위해 해당 스토어로 이동하시겠습니까?</string>
    <string name="str_app_install_payco_notice">결제 진행을 위한 PAYCO APP이 설치되지 않았습니다. 설치를 위해 해당 스토어로 이동하시겠습니까?</string>
    <string name="str_app_install_rooting_text">"루팅 된 폰은 서비스를 이용할 수 없습니다.
앱 서비스를 종료합니다."</string>
    <string name="str_app_install_subText">\"간편결제 APP\"</string>
    <string name="str_app_not_install_buyself_notice">바이셀프 APP이 설치되지 않았습니다. 설치를 위해 해당 스토어로 이동하시겠습니까?</string>
    <string name="str_app_not_install_ispmobile_notice">페이북 APP이 설치되지 않았습니다. 설치를 위해 해당 스토어로 이동하시겠습니까?</string>
    <string name="str_app_not_install_nice_notice">NICE APP이 설치되지 않았습니다. 설치를 위해 해당 스토어로 이동하시겠습니까?</string>
    <string name="str_app_not_install_payco_notice">PAYCO APP이 설치되지 않았습니다. 설치를 위해 해당 스토어로 이동하시겠습니까?</string>
    <string name="str_buyself_login_dialog_text">BuySelf의 로그인 요청을 허가할까요?</string>
    <string name="str_card_register_birthday_input_notice">CU티머니, CU캐시비 등록시에는 생년월일 입력이 필요합니다.</string>
    <string name="str_card_register_cu_membership">등록하실 카드번호 16자리를 입력해주세요.</string>
    <string name="str_card_register_t_membership">SKT 멤버십 카드번호 16자리를 입력해주세요.</string>
    <string name="str_card_register_title_cu_membership">멤버십 카드 등록</string>
    <string name="str_card_register_title_t_membership">SKT 카드 관리</string>
    <string name="str_creditcard_refresh_time">"신용카드 결제 유효시간이 만료 되었습니다.
유효시간을 갱신하시겠습니까?"</string>
    <string name="str_cu_able_10point">"가용포인트는 10포인트
단위로 사용가능 합니다."</string>
    <string name="str_cu_ad_permission_fail">광고를 전달 받기 위한 위치 수신 권한이 필요합니다.</string>
    <string name="str_cu_au_permission_fail">광고를 전달 받기 위한 소리 수신 권한이 필요합니다.</string>
    <string name="str_cu_camera_permission_fail">"바코드/QR 스캔을 위해서는
고객님의 카메라 접근 권한이 필요합니다.(선택)"</string>
    <string name="str_cu_card_pw_check_empty">"포인트 사용 비밀번호를 
입력해주세요."</string>
    <string name="str_cu_card_pw_check_not_equal">"포인트 사용 비밀번호와
포인트 사용 재입력 비밀번호가
일치하지 않습니다."</string>
    <string name="str_cu_coin_use_no">"잔돈
미사용"</string>
    <string name="str_cu_coin_use_yes">"잔돈
사용"</string>
    <string name="str_cu_event_goods_notice_01">증정상품의 [스캔]버튼 선택 후 상품 스캔 시 증정상품을 받아가실 수 있습니다.</string>
    <string name="str_cu_event_goods_notice_02">[확인]버튼 선택 시, 증정상품 안내페이지가 종료됩니다.</string>
    <string name="str_cu_event_goods_notice_03">종료 후에는 증정상품을 받으실 수 없습니다.</string>
    <string name="str_cu_membership_card_number_change">CU 멤버십 카드 변경을 진행하시겠습니까?</string>
    <string name="str_cu_membership_card_number_length16">CU 멤버십 카드번호 16자리를 입력해주세요.</string>
    <string name="str_cu_membership_card_number_match_fail">이름 또는 CU멤버십 카드번호가 일치하지 않습니다.</string>
    <string name="str_cu_membership_card_number_regi">CU 멤버십 카드를 등록하시겠습니까?</string>
    <string name="str_cu_membership_card_number_title">CU 멤버십 카드번호(16자리)*</string>
    <string name="str_cu_membership_card_regi_complete">CU 멤버십 카드 등록이 완료되었습니다.</string>
    <string name="str_cu_membership_not_regi">CU 멤버십 할인 카드가 등록되어있지 않습니다.(카드 등록 위치 : 홈 > 멤버십관리 > CU 멤버십 관리)</string>
    <string name="str_cu_membership_notice_input_name">이름을 입력해주세요.</string>
    <string name="str_cu_membership_notice_title">CU 멤버십 카드</string>
    <string name="str_cu_membership_title">CU 포인트</string>
    <string name="str_cu_need_password">5,000포인트 이상 사용시에는 비밀번호 입력이 필요합니다.</string>
    <string name="str_cu_not_input_point_use">사용 요청 포인트를 입력하여 주세요.</string>
    <string name="str_cu_over_point_use">총 결제금액 이상으로 포인트 사용은 불가능합니다.</string>
    <string name="str_cu_point_notice_01">100포인트 이상 적립되어 있을 경우 10포인트 단위로 현금처럼 사용 가능합니다.</string>
    <string name="str_cu_point_notice_02">5,000포인트 이상 사용시에는 포인트 사용 비밀번호 입력이 필요합니다.</string>
    <string name="str_cu_point_notice_03">CU 포인트 사용과 SKT멤버십 할인은 동시 적용이 불가능합니다.</string>
    <string name="str_cu_point_pw_please_01">포인트사용 비밀번호 입력(숫자 4자리)</string>
    <string name="str_cu_point_pw_please_02">포인트사용 비밀번호 재입력</string>
    <string name="str_cu_point_save">"포인트
적립"</string>
    <string name="str_cu_point_use_no">"CU포인트
미사용"</string>
    <string name="str_cu_point_use_notice">* 포인트 사용 비밀번호는 5,000포인트 이상 결제 진행 시 사용됩니다.</string>
    <string name="str_cu_point_use_yes">"CU포인트
사용"</string>
    <string name="str_cu_read_phone_state_permission_fail">폰 상태 접근 권한이 필요합니다.(필수)</string>
    <string name="str_cu_save_100point">100포인트 이상 적립되어 있을 경우 10포인트 단위로 사용 가능합니다.</string>
    <string name="str_cu_use_10point">"사용포인트는 10포인트
단위로 사용가능합니다."</string>
    <string name="str_cu_write_external_storage_permission_fail">외부 저장공간 쓰기 권한이 필요합니다.(필수)</string>
    <string name="str_cu_wrong_password">비밀번호가 일치하지 않습니다.</string>
    <string name="str_cu_wrong_point">가용포인트 이상 사용은 불가능하며, 10포인트 단위로 사용 가능합니다.</string>
    <string name="str_cumember_need_login">"로그인이 필요한 메뉴 입니다.
로그인하시겠습니까?"</string>
    <string name="str_disconnect_network_error">"현재 네트워크가 불안정하여
접속이 원활하지 않습니다."</string>
    <string name="str_done">완료</string>
    <string name="str_email_check_empty">이메일 주소를 입력해주세요.</string>
    <string name="str_empty_id">*아이디를 입력해주세요.</string>
    <string name="str_empty_pw">*비밀번호를 입력해주세요.</string>
    <string name="str_err_network">"네트워크 오류로 인해 서비스를 이용하실 수 없습니다.
네트워크 환경 확인 후 이용 해주시기 바랍니다."</string>
    <string name="str_error_network">"네트워크 오류로 인해 서비스를 이용하실 수 없습니다.
네트워크 환경 확인 후 이용 해주시기 바랍니다."</string>
    <string name="str_event_notice_not_display_day_text">%s다시 보지 않기</string>
    <string name="str_exit_app">포켓CU 앱을 종료 하시겠습니까?</string>
    <string name="str_feed_type_coupon">사용 기간 만료 7일전 쿠폰이 %s있습니다.</string>
    <string name="str_feed_type_event_image">"신규 이벤트 “%s”를 진행중에 있습니다. r
r
확인 후 많은 참여 부탁드립니다."</string>
    <string name="str_feed_type_event_lotto">"%sr
당첨자 발표가 완료되었습니다.r
r
지금 바로 당첨 결과 상세 보기를 통하여, 당첨여부를 확인하세요."</string>
    <string name="str_feed_type_event_missionStamp_image">단골점포 %s 되었습니다.</string>
    <string name="str_feed_type_event_missionStamp_text">%s 적립이 완료되었습니다.</string>
    <string name="str_feed_type_event_stamp_image">"신규 이벤트 %s를 진행중에 있습니다. r
r
확인 후 많은 참여 부탁드립니다."</string>
    <string name="str_feed_type_event_store">"%s에 있습니다. r
r
평가 진행 후 포인트 리워드를 받아가세요."</string>
    <string name="str_feed_type_event_survey">"%s에 있습니다. r
r
참여 후 포인트 리워드를 받아가세요."</string>
    <string name="str_feed_type_event_text">"%s이 등록되었습니다. r
r
이벤트 확인 후 많은 참여 부탁드립니다."</string>
    <string name="str_feed_type_groupPoint_approval">"%1$s
%2$s께서 그룹에 입장하였습니다."</string>
    <string name="str_feed_type_groupPoint_create">"%s 
그룹포인트 그룹 생성이 완료되었습니다."</string>
    <string name="str_feed_type_groupPoint_getout">"%1$s
%2$s께서 그룹을 나가셨습니다."</string>
    <string name="str_feed_type_groupPoint_invite_fail">"%1$s
%2$s께서 그룹포인트 이용에 거절하였습니다."</string>
    <string name="str_feed_type_groupPoint_invite_ok">"%1$s
%2$s께서 그룹포인트 초대에 수락하였습니다."</string>
    <string name="str_feed_type_groupPoint_out">"%1$s
%2$s께서 그룹포인트 %3$s 꺼내기를 진행 하였습니다."</string>
    <string name="str_feed_type_groupPoint_put_in">"%1$s
%2$s께서 그룹포인트 %3$s 담기를 진행하였습니다."</string>
    <string name="str_feed_type_groupPoint_remove">"%1$s
%2$s으로 그룹 가용 포인트 %3$s가 소멸될 예정입니다."</string>
    <string name="str_feed_type_groupPoint_send">"방장님께서 %1$s
%2$s을 그룹에서 내보냈습니다."</string>
    <string name="str_feed_type_groupPoint_term_approval">그룹포인트 %1$s가 완료되었습니다.</string>
    <string name="str_feed_type_noti">%s 공지사항이 등록 되었습니다.</string>
    <string name="str_feed_type_noti_crm">%s</string>
    <string name="str_feed_type_onebarcode">"%s되었습니다.r
r
자세한 내용은 [상세보기]를 통해 확인 하실 수 있습니다."</string>
    <string name="str_feed_type_onebarcode_point">%1$s으로 가용 포인트 %2$s가 소멸될 예정입니다.</string>
    <string name="str_feed_type_onebarcode_pointMarket">"%s되었습니다.r
r
자세한 내용은 [상세보기]를 통해 확인 하실 수 있습니다."</string>
    <string name="str_feed_type_onebarcode_reserve_purchase">"%s되었습니다.r
r
자세한 내용은 [상세보기]를 통해 확인 하실 수 있습니다."</string>
    <string name="str_feed_type_reserve_finish">"예약상품 교환이 완료되었습니다.
%s"</string>
    <string name="str_feed_type_reserve_restart">"예약상품 제작이 시작되었습니다.
%s"</string>
    <string name="str_feed_type_stamp_lotto">"%sr
당첨자 발표가 완료되었습니다.r
r
지금 바로 당첨 결과 상세 보기를 통하여, 당첨여부를 확인하세요."</string>
    <string name="str_id_check_already_use">이미 사용중인 아이디 입니다.</string>
    <string name="str_id_check_duplicate">"아이디 중복확인을
진행해주세요."</string>
    <string name="str_id_check_input">아이디를 입력해주세요.</string>
    <string name="str_id_check_rules">"아이디는 영문, 숫자조합
(첫 자리 영문)으로 7자 이상
30자 이내로 입력 해주세요."</string>
    <string name="str_location_information">위치 정보의 보호 및 이용 등에 관한 법률에 따라 현재위치 확인, 주변 점포찾기 서비스를 이용하기 위해서는 위치기반 서비스 이용약관 동의가 필요합니다.동의하지 않는 경우 위치기반 서비스 이용에 제약을 받을 수 있습니다.</string>
    <string name="str_location_reject_service">"%1$s에
위치기반 서비스 이용동의가\"%2$s\"
상태로 정상 처리되었습니다."</string>
    <string name="str_location_service_negative">위치기반 서비스 이용약관에 동의하지 않을 경우 원활한 서비스 제공이 불가 합니다.</string>
    <string name="str_location_title">위치기반 서비스 이용약관 동의</string>
    <string name="str_location_title_1">이용약관 동의</string>
    <string name="str_lock_screen_noti_input">암호를 입력해주세요.</string>
    <string name="str_lock_screen_noti_not_match">암호가 일치하지 않습니다.</string>
    <string name="str_lock_screen_noti_reinput">확인을 위해 한번 더 입력해주세요.</string>
    <string name="str_lock_screen_title_input">암호 입력</string>
    <string name="str_lock_screen_title_new_input">새로운 암호 입력</string>
    <string name="str_lock_screen_title_new_reinput">새로운 암호 재입력</string>
    <string name="str_lock_screen_title_reinput">암호 재입력</string>
    <string name="str_login_sns_naver">네이버 아이디로 로그인</string>
    <string name="str_membership_already_singup">"이미 CU 멤버십 회원입니다.
점포 QR코드 스캔 화면으로
이동합니다."</string>
    <string name="str_membership_card_come_out">회원님의 멤버십번호 발급이 완료되었습니다.</string>
    <string name="str_membership_card_come_out_purple">멤버십번호 발급이 완료</string>
    <string name="str_membership_cupoint_use">"편리한 서비스 이용과 다양한 혜택으로
보다 실속있게 CU 멤버십을 이용하세요."</string>
    <string name="str_membership_cupoint_use_purple">CU 멤버십</string>
    <string name="str_membership_id_create_perfact">* 사용 가능한 아이디 입니다.</string>
    <string name="str_membership_id_create_rule">* 영문+숫자(첫 자리 영문)으로 7자 이상 30자 이내로 입력 해주세요.</string>
    <string name="str_membership_id_logout_status">비로그인 상태입니다.</string>
    <string name="str_membership_login_error">*아이디 혹은 비밀번호가 일치하지 않습니다.</string>
    <string name="str_membership_login_id_loss">혹시 아이디, 비밀번호가 기억나지 않으세요?</string>
    <string name="str_membership_not_singup">"CU 멤버십 회원이 아닙니다.
회원가입화면으로
이동 하시겠습니까?"</string>
    <string name="str_membership_optional_terms_not_accept">"선택 동의 항목에 동의하지 않으셔도 결제 및 일반 서비스는
이용하실 수 있습니다."</string>
    <string name="str_network_error_customer_contact">"이용에 불편을 드려 죄송합니다.
잠시후에 다시 시도해 주세요.
문의사항은 고객센터 1577-8007으로
연락 부탁드립니다."</string>
    <string name="str_notice_basket_all_delete">장바구니의 상품을 전체 삭제 하시겠습니까?</string>
    <string name="str_notice_basket_data_delete">해당 상품을 장바구니에서 삭제하시겠습니까?</string>
    <string name="str_notice_dont_12age">12세 미만 구입불가 상품입니다.</string>
    <string name="str_notice_ice_cup">"음료와 얼음의 스캔 수량이 다릅니다.
계속 진행 하시겠습니까?"</string>
    <string name="str_notice_medi_count">해당 의약품은 상품별 %d개 까지 구매 가능합니다.</string>
    <string name="str_notice_plz_scan_goods">상품을 스캔해주세요.</string>
    <string name="str_notice_push_subText_accepted">"%s에
광고 마케팅 정보 수신동의가
정상적으로 처리되었습니다."</string>
    <string name="str_notice_push_subText_not_accepted">"%s에
광고 마케팅 정보 수신해제가
정상적으로 처리되었습니다."</string>
    <string name="str_notice_push_title_text">CU Buy-Self PUSH 서비스 안내</string>
    <string name="str_password_equal">* 일치합니다.</string>
    <string name="str_password_not_equal">* 일치하지 않습니다.</string>
    <string name="str_permission_setting">권한설정</string>
    <string name="str_permssion_denied">고객님께서 앱 사용을 하기 위해서는 설정 > 애플리케이션 관리자 > 포켓CU > 권한 에서 모든 권한을 허용해 주십시오</string>
    <string name="str_permssion_phonebook">"포켓 CU가 사용자의 연락처에 접근하려고 합니다. 
포인트 선물하기, 그룹포인트에 사용됩니다."</string>
    <string name="str_point_dont_duplicate">"CU 포인트 사용과 SKT 멤버십 할인은 동시 적용이 불가능합니다.
(초기화 후 할인 적용 변경 가능)"</string>
    <string name="str_point_init">* CU 포인트 / SKT 멤버십 할인 적용 초기화</string>
    <string name="str_pw_check_empty">비밀번호를 입력해주세요.</string>
    <string name="str_pw_check_not_equal">"비밀번호와 비밀번호 재입력이
일치하지 않습니다."</string>
    <string name="str_pw_check_rules">"비밀번호는 영문+숫자조합 
8자리 이상으로 입력해주세요."</string>
    <string name="str_skt_discount_fail">SKT 멤버십 할인에 실패하였습니다.</string>
    <string name="str_skt_dont_discount">SKT 멤버십 할인이 가능한 결제 상품이 없습니다.</string>
    <string name="str_skt_membership_card_delete">등록된 SKT 멤버십 카드를 삭제하시겠습니까?</string>
    <string name="str_skt_membership_card_number_change">SKT 멤버십 카드 변경을 진행하시겠습니까?</string>
    <string name="str_skt_membership_card_number_length16">SKT 멤버십 카드번호 16자리를 입력해주세요.</string>
    <string name="str_skt_membership_card_number_regi">SKT 멤버십 카드를 등록하시겠습니까?</string>
    <string name="str_skt_membership_card_number_title">SKT 멤버십 카드번호(16자리)*</string>
    <string name="str_skt_membership_card_regi_complete">카드 등록이 완료되었습니다.</string>
    <string name="str_skt_membership_notice_title">SKT 멤버십 카드</string>
    <string name="str_skt_membership_title">SKT 멤버십 할인</string>
    <string name="str_skt_plz_regi_membership">"SKT 멤버십 할인 카드가 등록되어있지 않습니다.
(카드 등록 위치 : 홈 > 전체메뉴 > 멤버십관리 > SKT 멤버십 관리)"</string>
    <string name="str_skt_point_notice">SKT 멤버십 할인 적용 시, CU 포인트 적립/사용이 불가능합니다.</string>
    <string name="str_time_extension">"신용카드 결제 유효시간이 
만료 되었습니다.
유효시간을 갱신하시겠습니까?"</string>
    <string name="str_timer_expired_retry_notice">결제 유효시간이 만료 되었습니다.</string>
    <string name="str_use_impossible_id">* 이미 사용중인 아이디 입니다.</string>
    <string name="str_use_possible_id">* 사용 가능한 아이디 입니다.</string>
    <string name="str_verify_person_msg">"본인인증 확인을 통하여
회원가입여부를 확인해 드릴께요."</string>
    <string name="str_verify_simple_msg">간편인증을 통하여 CU 멤버십 로그인을 진행합니다.</string>
    <string name="str_wrong_id_pw">*아이디 혹은 비밀번호가 일치하지 않습니다.</string>
    <string name="string_tmoney_alert_error_jointype">"비정상 티머니 가입자입니다.(%s) 

티머니 고객센터 1644-0088"</string>
    <string name="string_tmoney_alert_message">"%s 

티머니 고객센터 1644-0088"</string>
    <string name="string_tmoney_charge">"티머니 충전(한도복원)을 위해서는 모바일티머니 App으로 이동되며, 해당 App에서 진행이 가능합니다.
이동하시겠습니까?"</string>
    <string name="string_tmoney_fee">"소득공제 등록을 위해서는 모바일티머니 App으로 이동되며, 해당 App에서 진행이 가능합니다.
이동하시겠습니까?"</string>
    <string name="string_tmoney_join_cuplus">"CU플러스 모바일 티머니 등록이 완료되었습니다. 
메인화면으로 이동합니다"</string>
    <string name="string_tmoney_joined">CU플러스 모바일 티머니 기등록된 계정입니다.</string>
    <string name="string_tmoney_link">"모바일티머니 앱 설치 및 로그인이 되어 있어야 등록 가능합니다.

설치를 위해 해당 스토어로 이동하시겠습니까?"</string>
    <string name="string_tmoney_service_disable">모바일티머니 서비스가 활성화되어 있지 않아, 서비스를 진행할 수 없습니다.</string>
    <string name="tedpermission_close">Close</string>
    <string name="tedpermission_confirm">Confirm</string>
    <string name="tedpermission_setting">Setting</string>
    <string name="title_activity_expand_each_barcode">ExpandEachBarcodeActivity</string>
    <string name="title_activity_netfunnel_dialog">NetfunnelDialog</string>
    <string name="title_alert_no_intenet">No internet</string>
    <string name="title_for_ssl_warning">Security Warning</string>
    <string name="title_income_deduction_input_number">현금영수증 발행하실 휴대폰번호 입력</string>
    <string name="title_member_ship">멤버십 관리</string>
    <string name="title_money_recharge">계좌충전</string>
    <string name="title_use_history">이용내역</string>
    <string name="tms_notification_channel_id">0</string>
    <string name="treasuredataMasterKey">9882/c179485251ed3f4797cabb598df6a1d859b53324</string>
    <string name="use_application">Open with</string>
    <string name="use_fingerprint_in_future">앞으로 지문 사용</string>
    <string name="use_fingerprint_to_authenticate_key">use_fingerprint_to_authenticate_key</string>
    <string name="use_password">직접입력</string>
    <string name="yahoo">yahoo.co.kr</string>
    <string name="zxing_app_name">Barcode Scanner</string>
    <string name="zxing_button_ok">OK</string>
    <string name="zxing_msg_camera_framework_bug">Sorry, the Android camera encountered a problem. You may need to restart the device.</string>
    <string name="zxing_msg_default_status">Place a barcode inside the viewfinder rectangle to scan it.</string>
</resources>
