<?xml version="1.0" encoding="utf-8"?>
<selector
  xmlns:android="http://schemas.android.com/apk/res/android">
    <item>
        <layer-list>
            <item android:left="@dimen/switch_selector_padding" android:top="@dimen/switch_selector_padding" android:right="@dimen/switch_selector_padding" android:bottom="@dimen/switch_selector_padding">
                <shape android:dither="true" android:visible="true" android:shape="oval" android:useLevel="false">
                    <gradient android:startColor="@color/cu_purple" android:endColor="@color/cu_purple" android:angle="270.0" />
                    <corners android:radius="@dimen/switch_radius" />
                    <size android:height="@dimen/switch_thumb_height" android:width="@dimen/switch_thumb_width" />
                </shape>
            </item>
        </layer-list>
    </item>
</selector>