<?xml version="1.0" encoding="utf-8"?>
<layer-list
  xmlns:android="http://schemas.android.com/apk/res/android">
    <item android:id="@android:id/background">
        <shape>
            <corners android:radius="3.0dip" />
            <gradient android:startColor="#ffb6dffd" android:endColor="#102a509b" android:angle="270.0" android:centerY="0.85" android:centerColor="#ffb6dffd" />
        </shape>0 </item>
    <item android:id="@android:id/secondaryProgress">
        <clip>
            <shape>
                <corners android:radius="3.0dip" />
                <gradient android:startColor="#770e75af" android:endColor="#771997e1" android:angle="90.0" />
            </shape>
        </clip>
    </item>
    <item android:id="@android:id/progress">
        <clip>
            <shape>
                <corners android:radius="3.0dip" />
                <gradient android:startColor="#ff0e75af" android:endColor="#ff1997e1" android:angle="90.0" />
            </shape>
        </clip>
    </item>
</layer-list>